{"train_loss":13.304763863469377,"_timestamp":1.7422310630885797e+09,"val_accuracy":0.4036666666666667,"_wandb":{"runtime":7},"test_accuracy":0.4173,"train_accuracy":0.41833333333333333,"_runtime":7.7657446,"_step":11,"epoch":10,"val_loss":13.636514545063243,"confusion_matrix_table":{"_type":"table-file","sha256":"f0e59937d78bcb64ba07406ea3a1caae701be46c7c707dba1849deda63fd1208","size":2935,"artifact_path":"wandb-client-artifact://onok5xabn3hsz16i2uvlaspov6b2ih8eow5hassczxk4g0psf0f21qf9wjqwhz9on6md595erhsdv8663mgn4nipzgj7evwrzshp7c5kctf73d8yvzin0v14f69fdjwz/confusion_matrix_table.table.json","_latest_artifact_path":"wandb-client-artifact://y1zilu2hzw6sk93wbqx006bgv88wz2yh7uzvo7r5jf6m2r0k2rajc2ftx5e8ppx61uj669bjkx82twywnzl0znyxt60rel1tilq1tffxi1ome05nh4gdhh4uzgmu1h0c:latest/confusion_matrix_table.table.json","path":"media/table/confusion_matrix_table_11_f0e59937d78bcb64ba07.table.json","ncols":3,"nrows":100}}