{"val_accuracy":0.7916666666666666,"train_loss":0.6201303389200963,"_step":11,"confusion_matrix_table":{"nrows":100,"_type":"table-file","sha256":"066cb84329bf034c0329ad8a62b6454f87aef0db18192d3a01291a34e9c4f35d","size":2948,"artifact_path":"wandb-client-artifact://42baax7reoj0uc7yctsis154mralhiki2xu2ntjbvo4cqn1ri7coff3ppiju3vgl84gn4fc32oza4egn3tquhmyokus5cwu0fk28gmxs5ekwon3bfrypfbhci8k0ij49/confusion_matrix_table.table.json","_latest_artifact_path":"wandb-client-artifact://1ypaf2ea692fxlbf7dcc1hzdcjift369x0qrzhhms0tnjupg0x900ugenhpwjf1vrpydyofv6bys3ta2e81zsoezxs5h9ebabksp83w17iuz9hy0emibgdo7nkyia4yq:latest/confusion_matrix_table.table.json","path":"media/table/confusion_matrix_table_11_066cb84329bf034c0329.table.json","ncols":3},"_runtime":14.6106246,"_timestamp":1.7422316674970107e+09,"_wandb":{"runtime":14},"val_loss":0.6408535067014429,"epoch":10,"train_accuracy":0.8004814814814815,"test_accuracy":0.7866}