{"_wandb":{"runtime":14},"_step":11,"train_loss":5.643460213072125,"test_accuracy":0.7351,"_runtime":14.7285039,"_timestamp":1.7422315343773282e+09,"epoch":10,"confusion_matrix_table":{"_latest_artifact_path":"wandb-client-artifact://3nmbgtw99hl43mcjdtw4u5opwuw1a0w0t70fd25wj9s1re3oa951fgnhcp5tq8v8f01injcx6o7ql4t3mujj76zdatle88yp646uz7oxhdqh4s6v8z89ne3awy82f3uj:latest/confusion_matrix_table.table.json","path":"media/table/confusion_matrix_table_11_838d595b8dea94d1c6ed.table.json","ncols":3,"nrows":100,"_type":"table-file","sha256":"838d595b8dea94d1c6edbeed2442faf2046b75dd89fe0303fff5d07a3c06f9f2","size":2956,"artifact_path":"wandb-client-artifact://i8xjojqs8dr5sf3i9mkyivca1ginkxxnfrkw5dt0pvg5hecrnnklp8ipuwqil5s59h797pk8efk8wubtcat3nsl6iundhck0jznmudf2cpxj2sz5qv042xm0ydhx5zvm/confusion_matrix_table.table.json"},"val_loss":5.889451286089391,"val_accuracy":0.7378333333333333,"train_accuracy":0.7474814814814815}