{"_wandb":{"runtime":8},"val_accuracy":0.8261666666666667,"train_accuracy":0.8400925925925926,"test_accuracy":0.8217,"_timestamp":1.7422321612352035e+09,"train_loss":0.45994973472017664,"_step":11,"_runtime":8.8381736,"epoch":10,"confusion_matrix_table":{"nrows":100,"_type":"table-file","sha256":"4a412668f423ef42b868be2cd809a853064a78e4f0c5ee9f7226ab22bd4564cc","size":2938,"artifact_path":"wandb-client-artifact://p8haq57org28uvxzcwg3o72i3lt6t1raetu31pohzp7qzkps1xwh3cnn6hakkrarn9m4etjl9uy9b4xno4q0cooh4rfsxl1k1zl7svx3vwfbpy4h7gpf74lzmc3nivit/confusion_matrix_table.table.json","_latest_artifact_path":"wandb-client-artifact://v34lmebca9cviw8698m3ednvrfu8zoqrzdrd0retw5voiju0tiij6rymgi172985b52hwey2evkful8zdamwj61n7116jj87azlj58ljf0u3kd3n0vkyeg8m54aprz86:latest/confusion_matrix_table.table.json","path":"media/table/confusion_matrix_table_11_4a412668f423ef42b868.table.json","ncols":3},"val_loss":0.5036070077651831}