{"_step":10,"train_loss":0.11572640766301089,"_wandb":{"runtime":10},"val_accuracy":0.8338333333333333,"_runtime":10.6797165,"_timestamp":1.7422824639145522e+09,"train_accuracy":0.8418518518518519,"val_loss":0.1208266299124725,"test_accuracy":0.8256,"epoch":10}