{"epoch":10,"_runtime":17.3372294,"_step":11,"train_accuracy":0.8694814814814815,"val_loss":0.4252411691360487,"test_accuracy":0.8486,"_wandb":{"runtime":17},"_timestamp":1.7422335096679275e+09,"confusion_matrix_table":{"_latest_artifact_path":"wandb-client-artifact://irxxkhwfs1qh2h8z5vv06whhyuns265kedfr321b8smmrjfpb8gck0ms9v9sn3z9b3ckwhpxyt99b9p4dz61qeyx1zz5ll6bj77bk4ojk494r7djbtcycz0qis36ykrx:latest/confusion_matrix_table.table.json","path":"media/table/confusion_matrix_table_11_bf472149b9b36287b9dc.table.json","ncols":3,"nrows":100,"_type":"table-file","sha256":"bf472149b9b36287b9dcb970fb2593042eebe316dfe9f304fb83b42ace173cee","size":2929,"artifact_path":"wandb-client-artifact://kq08sofyjip08r0nvjitfd2hw26zo1zlqdqo3x14kyg3p3h02wpkmf29qirko5k3t72b2tzxi81x990ymq9nzco12g8f0k3oe2bds8fwnbf1pbz9f6wvnky44ym5uu3f/confusion_matrix_table.table.json"},"val_accuracy":0.8543333333333333,"train_loss":0.3661041450118753}