{"_wandb":{"runtime":14},"_runtime":14.8271423,"_timestamp":1.7422317902593753e+09,"_step":11,"train_loss":0.8404953874764678,"train_accuracy":0.703962962962963,"test_accuracy":0.7021,"confusion_matrix_table":{"size":2936,"artifact_path":"wandb-client-artifact://f7ibfcgz6l26e7zske6qfxsu87148w0belzrdsv6run0qfnhgh70p8ex4dpc2i0532jz86i9i31ixmjdwzga47wbxbwufvdzbytc61mlq9akrw8oup368i00ws4za1h6/confusion_matrix_table.table.json","_latest_artifact_path":"wandb-client-artifact://mjbwoqvo1ndr3vse1hpgol2h7tm70fx9z8a9d40esjflsl4ii43l9xt92t8kyt66n6y2i9ngz7886322ujdbsxngtf7y4zgx96p6da7uc9gvchka5dmoinqhka9czjpb:latest/confusion_matrix_table.table.json","path":"media/table/confusion_matrix_table_11_99f0926c9eedb6489afb.table.json","ncols":3,"nrows":100,"_type":"table-file","sha256":"99f0926c9eedb6489afb78291e33333dab46114f464ac9a660f6128a96ed5b44"},"val_loss":0.8393140862827495,"val_accuracy":0.6946666666666667,"epoch":10}