{"train_loss":0.7862291604296778,"train_accuracy":0.7013333333333334,"val_accuracy":0.6786666666666666,"test_accuracy":0.6881,"_runtime":18.0871671,"_timestamp":1.742232962797229e+09,"_step":11,"epoch":10,"confusion_matrix_table":{"artifact_path":"wandb-client-artifact://k6f24gu6ukarqrg8kg42r6x6surss8pou0zvrebhij0mvsm0kqccjuo8dn29qno1740nrz1eq8gbgm7tyq4t1th6y34xaz46bl56cay51tvz1qbfoo2pwknz4dzcbyvi/confusion_matrix_table.table.json","_latest_artifact_path":"wandb-client-artifact://hp9xp7s0zofafax2e6r3fm0hwx36orqb2a5ljuezgama131cj045tm0mztfzsl9meq4ijklh1nh33pj0qfpxvzin86hgc9d9t6r1be1i2dme1xw7olp4bf9m0y5wulle:latest/confusion_matrix_table.table.json","path":"media/table/confusion_matrix_table_11_13c961171eb2f2d40d01.table.json","ncols":3,"nrows":100,"_type":"table-file","sha256":"13c961171eb2f2d40d0131d76de2038addf3919fa962b328a18e5c5e5690803c","size":2948},"_wandb":{"runtime":18},"val_loss":0.8416349110424393}