{"_timestamp":1.742231957030165e+09,"_runtime":27.7429509,"val_accuracy":0.4236666666666667,"_wandb":{"runtime":27},"train_loss":5.367156990522393,"train_accuracy":0.43896296296296294,"_step":11,"val_loss":5.61850907791404,"test_accuracy":0.4235,"confusion_matrix_table":{"nrows":100,"_type":"table-file","sha256":"792a7556869fadfb328446686aebcdf7c6542d9181fde859d0ab7305fadcaf8d","size":3009,"artifact_path":"wandb-client-artifact://8op1s7y7i3a3563n59if4rbv7noa67ev2fctunzsuvf8c83fi2an2tdde15sf22wfnay3ochlvy8abdr2eygbco7nwuuqwe6vsb9hb38banluo8pnvkwi43135z4nbs9/confusion_matrix_table.table.json","_latest_artifact_path":"wandb-client-artifact://ws2f6sa9l0io32wmvjh3tt7p033j1j63nam53rh5rzbpceikgjor8544ldlz0h12itj569zf0ryqgelv2a4alrqi6neuofwm2s0addz8gidfwyzlh4e0nwowtdrylq7a:latest/confusion_matrix_table.table.json","path":"media/table/confusion_matrix_table_11_792a7556869fadfb3284.table.json","ncols":3},"epoch":10}