{"confusion_matrix_table":{"nrows":100,"_type":"table-file","sha256":"16249240b73306cd09ae1108bc75481cb67eefd78b352eac025f357b3b10693e","size":2940,"artifact_path":"wandb-client-artifact://vq3b98pog5hu0xo83ongac4f170w096r1d15ica62uijf267isvabestcxr6wm5bmsuod1f7t1lhsf35k8mqd45wsbuj3z15epqe8jlum66ju3w8euz106c3brb0vj2h/confusion_matrix_table.table.json","_latest_artifact_path":"wandb-client-artifact://ghmhlzf0xfi9fkthnyizl6ec2kori1893rfo1h9zw7vueqojzqr8a5ksp3juubp580yokx93xjli1s5bb4ewwvo056a05xi6i7vkaio6smqey4vbv388uo3mhvtt932t:latest/confusion_matrix_table.table.json","path":"media/table/confusion_matrix_table_11_16249240b73306cd09ae.table.json","ncols":3},"_wandb":{"runtime":6},"_timestamp":1.742231750505446e+09,"test_accuracy":0.651,"val_accuracy":0.6431666666666667,"val_loss":2.9820159940082176,"_runtime":6.8132959,"_step":11,"epoch":10,"train_accuracy":0.6540555555555555,"train_loss":2.86570987404375}