{"val_accuracy":0.7506666666666667,"_wandb":{"runtime":15},"train_loss":1.6504360481697253,"_step":11,"_timestamp":1.7422311747329676e+09,"confusion_matrix_table":{"_latest_artifact_path":"wandb-client-artifact://pyxw9u04f79k28lqya4dfytf2c2afho1q4v5ymfcbcf32qj4as5rf2n5kk3pawtxnyrmabb8phv4m87qbosxl95kll860im5ibg8rlfq603llexuet0krk2by7kyw6td:latest/confusion_matrix_table.table.json","path":"media/table/confusion_matrix_table_11_e286269ba26ec386b772.table.json","ncols":3,"nrows":100,"_type":"table-file","sha256":"e286269ba26ec386b7726f7342002947c371222deb9eb70964c03300a9bbd88b","size":2950,"artifact_path":"wandb-client-artifact://13xjb3vhgzsc1xhcr7cu7ck3sylm92ahbp3jitttp9id3xhgkea47kco8fyd3gtcfojbcyvtpsi4ea18witlcpvgw86ck7m0xdy37fgbd31uyv4bm5eucjuiuuydg7dq/confusion_matrix_table.table.json"},"train_accuracy":0.7649259259259259,"val_loss":1.7916684291236074,"test_accuracy":0.746,"epoch":10,"_runtime":15.9144507}