{"val_accuracy":0.09833333333333333,"_timestamp":1.7422838121951709e+09,"_step":10,"val_loss":0.4501793559276321,"_runtime":10.801233,"epoch":10,"train_loss":0.45028730467993633,"test_accuracy":0.1,"train_accuracy":0.10018518518518518,"_wandb":{"runtime":10}}