{"train_loss":0.4215272032663033,"val_accuracy":0.8476666666666667,"test_accuracy":0.8381,"_wandb":{"runtime":18},"val_loss":0.42995479995008296,"_timestamp":1.742232144539467e+09,"_step":11,"_runtime":18.1428939,"train_accuracy":0.853,"epoch":10,"confusion_matrix_table":{"_latest_artifact_path":"wandb-client-artifact://vfx79otx36i67qupa3ychcara96rgu2siksgggn4cn7egimyh9uaqx3q43upzysm8s3mdpp6evrnps5fsy6ebtq9mhhfgfax0h7ygq09ikj1gypbaul4mvwaz7004f4q:latest/confusion_matrix_table.table.json","path":"media/table/confusion_matrix_table_11_4c863d9f938d8f39697e.table.json","ncols":3,"nrows":100,"_type":"table-file","sha256":"4c863d9f938d8f39697e94ed32443ea50f95085687d3a4921887946ec1ed712f","size":2937,"artifact_path":"wandb-client-artifact://ovooj5e0vjwkwk8d5iabupp85qchsgai53eqge3v3obfsy1iggzbnvkhfv3urm60y6rph3mcyndjvju0nn5v5z3z3vpninl6li93w2eosmprdax6fpgdvq0b3y9namdx/confusion_matrix_table.table.json"}}