{"_runtime":61.3320977,"val_accuracy":0.878,"train_loss":0.0804575713597136,"_step":10,"test_accuracy":0.8693,"val_loss":0.08764803057909695,"_wandb":{"runtime":61},"_timestamp":1.7422838780761142e+09,"epoch":10,"train_accuracy":0.8888518518518519}