{"train_loss":0.2721523355009204,"train_accuracy":0.8972037037037037,"val_accuracy":0.8793333333333333,"_runtime":19.8999812,"test_accuracy":0.8748,"val_loss":0.3380830398854141,"epoch":10,"confusion_matrix_table":{"sha256":"54ca0f394793e00c0841f7b89538fcf1d334784b6d4203674b24596573504844","size":2929,"artifact_path":"wandb-client-artifact://ik3tw33ne38n9v44uccktvb29i66zvb7ybtxxbz6lhvqc1f4cv8go2rm8scq96fkeqmo7fiiry3wk1udz4rm740y99imqprcut6jcb0fuh2qm8dswa2zs3s8f3dtkecn/confusion_matrix_table.table.json","_latest_artifact_path":"wandb-client-artifact://8joxppwhehc1xtde32wl8jom3d30xs04jin0kwes7775a6j7hqt1k85exeuq6kg8tc0zw4or0kyqtua1b9vn31msc5dtpbsvyc3awos5u2ekgkmlcp2jqq40d3u2rkvx:latest/confusion_matrix_table.table.json","path":"media/table/confusion_matrix_table_11_54ca0f394793e00c0841.table.json","ncols":3,"nrows":100,"_type":"table-file"},"_timestamp":1.7422318855608122e+09,"_step":11,"_wandb":{"runtime":19}}