{"val_accuracy":0.6478333333333334,"epoch":10,"_wandb":{"runtime":10},"train_loss":0.8700882816552077,"confusion_matrix_table":{"size":2949,"artifact_path":"wandb-client-artifact://h2piwkr71upmm7ek6ja2ra2sq9qxbjpsheo4sqph8jmmbsnrswizw3crph1tdf1l5n2yhwc6a7tzkypmbmuq3dl5u55oc30oc4mbjybrsr8j32gcnqsbobhs9zmi89t1/confusion_matrix_table.table.json","_latest_artifact_path":"wandb-client-artifact://anx14u2uylj8rn271uch11u8ht34ya2thy4mlst3wpboluyqaexdjyc54zaf9hwv9j3ck1d95mx3pujrjob0z2x7ck3eycfssqhtr0l0on6424nzxy2nadrqqe2yihuy:latest/confusion_matrix_table.table.json","path":"media/table/confusion_matrix_table_11_a1e5163ba314fed06d2c.table.json","ncols":3,"nrows":100,"_type":"table-file","sha256":"a1e5163ba314fed06d2c0b3bc1e794d513b1030b620d94b17de5f69adbf27178"},"_timestamp":1.7422317695324283e+09,"_runtime":10.1406293,"val_loss":0.9284864675975796,"_step":11,"test_accuracy":0.6628,"train_accuracy":0.6667592592592593}