{"test_accuracy":0.7569,"train_loss":0.16852366048366932,"val_accuracy":0.754,"_step":10,"train_accuracy":0.7720185185185185,"_wandb":{"runtime":16},"_runtime":16.8101918,"epoch":10,"val_loss":0.17922523977528929,"_timestamp":1.7422842094415395e+09}