{"confusion_matrix_table":{"nrows":100,"_type":"table-file","sha256":"008c529671a6fb4081d3f280cac9d51635667a5f385651a3e77d642fdf550b85","size":2936,"artifact_path":"wandb-client-artifact://0lqum0i0dagcg8jacbrli3mvrqvzvvovsx3xd0mpqchzvpojt9bx45lx7ezopi8fp5tko3ynoerhm1u3985vyfp8tlsyg6qajnvjoin7b756fifaxr80rn119980z2ds/confusion_matrix_table.table.json","_latest_artifact_path":"wandb-client-artifact://akgb8y33zxk9uv1cv6szdtntvj8zz37ivfs30alp9c398gds10y4idjli4lnl8vzowuwnhkg4zoo05u8ox4z43rhdbcjvs03m3l7qc7erstsfqskufrh3wlqdq9ab2x9:latest/confusion_matrix_table.table.json","path":"media/table/confusion_matrix_table_11_008c529671a6fb4081d3.table.json","ncols":3},"_step":11,"epoch":10,"val_accuracy":0.8428333333333333,"_wandb":{"runtime":42},"test_accuracy":0.8384,"train_loss":0.5443568533883053,"train_accuracy":0.8622962962962963,"val_loss":0.6500213728140602,"_timestamp":1.7422317378042111e+09,"_runtime":42.1087652}