{"val_loss":0.6534880652482069,"_runtime":5.8805404,"val_accuracy":0.7865,"_timestamp":1.7422315788842418e+09,"train_accuracy":0.7923333333333333,"confusion_matrix_table":{"artifact_path":"wandb-client-artifact://u8fec3ua067c16at457cbrwgeirw93v86gdura23ph1k5nyhkpd4vmg848vpnu06by53pz6n9brlxb8ssc6ql03qbgaih1udwa2cts29baol7exkaibx6q7bqngd4m32/confusion_matrix_table.table.json","_latest_artifact_path":"wandb-client-artifact://yff7srwq77u6zvgoxrn2yfndfm98d5p4c5cyv9yt5ex512tppcf97jnt38pcevic3s2r506qge7erdsq9a0frjfr50qr6q2kch2shnzu4i61jocxd7lpxgull2dleu3j:latest/confusion_matrix_table.table.json","path":"media/table/confusion_matrix_table_11_147b6e55f48a1e10447c.table.json","ncols":3,"nrows":100,"_type":"table-file","sha256":"147b6e55f48a1e10447cf4d406557787916e9218f92afb4c733a50f8da262144","size":2938},"_wandb":{"runtime":5},"epoch":10,"test_accuracy":0.7779,"_step":11,"train_loss":0.6442568406163729}