{"epoch":10,"confusion_matrix_table":{"sha256":"105c6ce4c9069b416e0da93f148764c6fe2d1586e1a8c4a17ed55e18c6ff6a44","size":2932,"artifact_path":"wandb-client-artifact://31f7r3pjrboiy641qb2i7e4j0ui96u12iitd7uxnh3sfap2hleo6ec758n3jiq643nvfkov2ps79t4fpq48gwh4x89h4s6xepnhwugjrjz0glxtx0t2wpqnl4hbdxwkk/confusion_matrix_table.table.json","_latest_artifact_path":"wandb-client-artifact://51u809qm958j4c872v2y4fbxdxlhr2kp9l24un7qsw61s2grgkqzuq33743owq62dtgewb8cdv72hu6uke50prtvsuvr89krw854ypb9shlwportg5orabc84i4so8je:latest/confusion_matrix_table.table.json","path":"media/table/confusion_matrix_table_11_105c6ce4c9069b416e0d.table.json","ncols":3,"nrows":100,"_type":"table-file"},"train_loss":0.44381912740404333,"_step":11,"_runtime":15.1770684,"train_accuracy":0.8450925925925926,"_wandb":{"runtime":15},"val_accuracy":0.8376666666666667,"test_accuracy":0.8299,"val_loss":0.4559219244817465,"_timestamp":1.7422320507200034e+09}