{"_timestamp":1.7422340312396104e+09,"epoch":10,"train_loss":0.6956430779641717,"train_accuracy":0.7537222222222222,"val_loss":0.7047059333023329,"_wandb":{"runtime":5},"_runtime":5.6193433,"test_accuracy":0.7419,"confusion_matrix_table":{"path":"media/table/confusion_matrix_table_11_6fd9bbb70c72e5d9d59f.table.json","ncols":3,"nrows":100,"_type":"table-file","sha256":"6fd9bbb70c72e5d9d59f207564e2bd7dade789f124573749945fe279755908dc","size":2950,"artifact_path":"wandb-client-artifact://f5nd4y7ucxy6fnvenud3bnhdzgs4gqoirjizcgs2869v8yb3p4jtvs949d4iyviqa4wojrsc0p80vi3qw0lodklst53jcmycdrj8rg6lob4wtny0g4x2lw0v2m0ocnez/confusion_matrix_table.table.json","_latest_artifact_path":"wandb-client-artifact://kyyla08fsqi417of13m8hzjcivir8abf1ake04siikqbbne3lngeooc0vpk4l4rrd866arp27q3fh8j7jcgp2ogkk8gecamipikiakuas7ccran11jxw4tszjxok5xsz:latest/confusion_matrix_table.table.json"},"_step":11,"val_accuracy":0.7436666666666667}