{"_wandb":{"runtime":26},"train_loss":0.4466419972490406,"val_loss":0.47539094484272876,"val_accuracy":0.827,"test_accuracy":0.8229,"_step":11,"epoch":10,"confusion_matrix_table":{"_type":"table-file","sha256":"113fcbcbb3e26d153c063b656646ad690b7e7c738f5e84943a9c6ecc04598522","size":2940,"artifact_path":"wandb-client-artifact://5z2fk128g6hbglfppnn2ff5iyws3fkegqwtp6y2x056mgtk3983shkd57z9c147x4gv69p8cpxd4vdle1usb3g4nafe1eizwg4wbrq9ywjj3t9f2r3x2fnh2ham3mmes/confusion_matrix_table.table.json","_latest_artifact_path":"wandb-client-artifact://vfcskqpol7x2mphmpal1kym21ib8g0x0yn9rq6za9j20r1fmnjifajx0mw3tgnj2yaq03icq9vx7q30x0c1tdlt8jqonqhbd1nr3fz8key547cqo5uumbpasisl6eitp:latest/confusion_matrix_table.table.json","path":"media/table/confusion_matrix_table_11_113fcbcbb3e26d153c06.table.json","ncols":3,"nrows":100},"_timestamp":1.742232375230264e+09,"_runtime":26.8383654,"train_accuracy":0.8411296296296297}