{"_step":11,"_wandb":{"runtime":10},"val_loss":0.5781990588951635,"confusion_matrix_table":{"artifact_path":"wandb-client-artifact://w45e9a3ffykvxsoh6mw6jma293tlp6ktnz5jc56zwf4e3h6d8hsu2zs7xkdc2z7swbb7p5eyou2g63d6bhzrglp53ollgy3ud0cdspy5o0uhbst0jbatuulxfk7vp3ez/confusion_matrix_table.table.json","_latest_artifact_path":"wandb-client-artifact://9hu4kjuyx6ghnjtcdt0snbf93g5jvtb0vrkn67yp25a7htkdra7gazwsi6a27k6nta64jkjb7tpss1zhvennbxayargdpqo8vg5u6vemdvzfjymt71ld3v395bqh5k19:latest/confusion_matrix_table.table.json","path":"media/table/confusion_matrix_table_11_5e8f2ba96dcd2439a18b.table.json","ncols":3,"nrows":100,"_type":"table-file","sha256":"5e8f2ba96dcd2439a18b65530d8fd707905a99b7ef175ede33538bdd048f7b53","size":2938},"val_accuracy":0.787,"_timestamp":1.7422333210021555e+09,"train_loss":0.5478161730015596,"_runtime":10.5336486,"test_accuracy":0.7764,"epoch":10,"train_accuracy":0.7923148148148148}