{"epoch":10,"train_accuracy":0.818925925925926,"_wandb":{"runtime":41},"confusion_matrix_table":{"path":"media/table/confusion_matrix_table_11_2d318cf0a2b96551ea0a.table.json","ncols":3,"nrows":100,"_type":"table-file","sha256":"2d318cf0a2b96551ea0a746ae7f777b4686d5c07e438ee3f0a13c383a72c0232","size":2942,"artifact_path":"wandb-client-artifact://45i0x06p7nrnjtsayzndgewkulmpz7cjymxgbt05r5d6y4nd8wqj5tfg9mlk9wmz1xuidekw0antxjkzfr9lium76de2u8js9ppwcs8xq018h8i89jp5hkqrgv5a1s21/confusion_matrix_table.table.json","_latest_artifact_path":"wandb-client-artifact://hcre36m08kohzm3ue9zytcgqkscgy8g0cth7zigub1vtokaavoti7joffjqzq3n4lopszfm2ozpj14pre8o1ypjo6iz93k02egw2nyz8d39qhozsmk9qpn0t7y2dhhj7:latest/confusion_matrix_table.table.json"},"val_loss":0.5419367066561771,"val_accuracy":0.8051666666666667,"_runtime":41.4249081,"_timestamp":1.742233443568228e+09,"test_accuracy":0.8001,"train_loss":0.5001114203075665,"_step":11}