{"val_accuracy":0.8865,"epoch":10,"val_loss":0.08277499072655178,"_step":10,"train_accuracy":0.9079444444444444,"test_accuracy":0.8772,"_wandb":{"runtime":41},"_runtime":41.6276888,"train_loss":0.06583530220882913,"_timestamp":1.7422816492690272e+09}