{"val_accuracy":0.7475,"_step":11,"val_loss":3.5109080605957717,"test_accuracy":0.7427,"_runtime":22.8271613,"epoch":10,"train_loss":3.280488313024439,"confusion_matrix_table":{"ncols":3,"nrows":100,"_type":"table-file","sha256":"603f0fa9d361ad70e977d3e51eb283485bbe1f71c103a5d08c7fb6a9e0169e88","size":2950,"artifact_path":"wandb-client-artifact://tknkqvwmm2wk16noikv62k670hypo9rpa67000i9om1vumsczyidyiddk0swv46uwptbsdgsq5426oyss45qmmc9422056t8b2gisjp5heqsfojyft90qf8lm6zwlhgp/confusion_matrix_table.table.json","_latest_artifact_path":"wandb-client-artifact://29ztitm3vpgv5bdz2yv555ldv2tz88zckbey2ahj6mh7l1r7cz5qsnslwgfarki2i51ig3sjoznx2r91n7k98d3pkw4qs9zoelcdv6izznjqe9lx0r2jc16xerhn7eys:latest/confusion_matrix_table.table.json","path":"media/table/confusion_matrix_table_11_603f0fa9d361ad70e977.table.json"},"_wandb":{"runtime":22},"train_accuracy":0.7572222222222222,"_timestamp":1.7422336102770967e+09}