{"val_loss":0.6452909061594375,"_runtime":14.822213,"train_loss":0.6394777395090324,"train_accuracy":0.7874814814814814,"confusion_matrix_table":{"sha256":"569920023f3eed670911137fabe80fb14058bcb0dff7ccf082bb92287b728a31","size":2941,"artifact_path":"wandb-client-artifact://cj4t0v5fkcstn534yoajpnvy9854ujxg0hkzfw7o23kkbie0za44y9oqkkx4py2zxev57rmwpqxo4av2px42dsfeo8xm7fx5pf43wmfbz5ggsagnjf1jrggi7lgqjt4w/confusion_matrix_table.table.json","_latest_artifact_path":"wandb-client-artifact://oo0dbof43avm11hrxrxf920neq9g0o2vdostf9w5x8qy1py9562tmx3hsk4lh6klie6vea1hy7x854xxcxb0j094ffya5nodr2l2ra6xycez7i31anmguweumjph61o2:latest/confusion_matrix_table.table.json","path":"media/table/confusion_matrix_table_11_569920023f3eed670911.table.json","ncols":3,"nrows":100,"_type":"table-file"},"epoch":10,"_wandb":{"runtime":14},"_timestamp":1.742232092446263e+09,"_step":11,"test_accuracy":0.7785,"val_accuracy":0.7761666666666667}