{"val_loss":0.12141980645687228,"val_accuracy":0.8268333333333333,"_step":10,"_timestamp":1.742281908807055e+09,"_runtime":54.1729168,"epoch":10,"_wandb":{"runtime":54},"train_loss":0.10981794452198344,"train_accuracy":0.844462962962963,"test_accuracy":0.8201}