{"val_loss":0.24744931967158956,"epoch":10,"test_accuracy":0.6018,"train_loss":0.24305218515275998,"_runtime":13.1208408,"_timestamp":1.742282026321508e+09,"val_accuracy":0.5955,"_step":10,"train_accuracy":0.6054814814814815,"_wandb":{"runtime":13}}