{"train_accuracy":0.6418518518518519,"_step":11,"epoch":10,"confusion_matrix_table":{"size":2939,"artifact_path":"wandb-client-artifact://xki9bxm1y38c027dm2j1m9c3d7scunbuom6s6rtv1rrxbzdza2pu7iiswuubihr5yru3zmc3526huja5h4ztbgv5uzaa3o5lpivn95ujdxw280rfu4434v4bz3ct8pbw/confusion_matrix_table.table.json","_latest_artifact_path":"wandb-client-artifact://uwflwu0t6vhbn8ts7kvgbxk3mbat1lh2dldlgsnuu9up5de222xsm0leq68wvaxyugqs0i9nc2x4llvf3hl0bml5608h5yhgbhgvpim257jtkq1e52p3gnua81ovw5gu:latest/confusion_matrix_table.table.json","path":"media/table/confusion_matrix_table_11_527b6523347df2aeb2c3.table.json","ncols":3,"nrows":100,"_type":"table-file","sha256":"527b6523347df2aeb2c3e88a013e8948da94c1b6c8ae6fd4f355268f1bbe905f"},"_timestamp":1.7422333941973784e+09,"val_accuracy":0.6331666666666667,"_wandb":{"runtime":8},"train_loss":0.8837885418694952,"_runtime":8.0640312,"test_accuracy":0.6419,"val_loss":0.9001973057426934}