{"train_accuracy":0.7199444444444445,"val_accuracy":0.7061666666666667,"val_loss":0.8261134796501755,"_runtime":6.6157011,"confusion_matrix_table":{"ncols":3,"nrows":100,"_type":"table-file","sha256":"16413e7e454a96dac5bf6cc734447c5bc8b29b83e678346225fa126667ef38e5","size":2949,"artifact_path":"wandb-client-artifact://dg0zdcuf4kyia7xd8uz05vbdj1y5ih74i5347h2vsqqodjodcmzrch8ybmscrg763whcs2jo3kzz8ejhtdvgtz3vx6ga7bprmucz5q2fnxkijndx7oq72tv3mwfceuol/confusion_matrix_table.table.json","_latest_artifact_path":"wandb-client-artifact://rphds7ibf8zt20g048sbgndtaw90tjnn5o5n5qqfzlgi6512xm9gyhcs3vk5pvzals9vlly9t1a43dzhujz1yqe066m8m07fnvfeu5jfol3u19u9q6g06z4a09o31ab0:latest/confusion_matrix_table.table.json","path":"media/table/confusion_matrix_table_11_16413e7e454a96dac5bf.table.json"},"_step":11,"test_accuracy":0.7158,"epoch":10,"train_loss":0.8101722645332888,"_timestamp":1.742231152675362e+09,"_wandb":{"runtime":6}}