{"train_accuracy":0.881962962962963,"_runtime":8.8948311,"_wandb":{"runtime":8},"_timestamp":1.7422336500467298e+09,"_step":11,"val_accuracy":0.8611666666666666,"train_loss":0.31969468010797175,"test_accuracy":0.8525,"confusion_matrix_table":{"sha256":"89d89e6fc9fa95f965f32aee9daf55d4adb340cf2cbd557f58ac5fb2f05c712e","size":2930,"artifact_path":"wandb-client-artifact://rzd9y61jksi3zsg4r5khkg7i7f6821iy9816cfm3nhehwjm6xmmmnmgo696uqhz9rt9tlc3gzgqf0f7tt7x0z3etvjtvhja8rkfi4jbv7ygfj9pg5w9vmvw1y698euwh/confusion_matrix_table.table.json","_latest_artifact_path":"wandb-client-artifact://i7n04cwbr4txlvm6ccjb2b7gfe2ecub8x4zg0rz3t0dbhc1415xcuu0f59jfh9d0x6l4azsfd3vjal9c95mb6eg5uxgm6evvdj94qq653ziy4hs4zzpl8g5ndwdwg3km:latest/confusion_matrix_table.table.json","path":"media/table/confusion_matrix_table_11_89d89e6fc9fa95f965f3.table.json","ncols":3,"nrows":100,"_type":"table-file"},"val_loss":0.37689678143467126,"epoch":10}