{"_timestamp":1.7422823068874896e+09,"train_loss":0.11550415015111247,"_step":10,"_wandb":{"runtime":12},"_runtime":12.0053042,"val_accuracy":0.8308333333333333,"val_loss":0.12112337105444164,"train_accuracy":0.8411296296296297,"epoch":10,"test_accuracy":0.8222}