{"confusion_matrix_table":{"_type":"table-file","sha256":"acecddeab1016f4bf37504b0c60150421204c302b72fad0a71cd44220a2655ec","size":2951,"artifact_path":"wandb-client-artifact://iv2pyt3c89vswlg21q5l8kwnrzpb0cbi9aoz86qkyn91io97zxwwbwtip0pb2aiyefz0t0ra7h6w4aysrfqcwum9oauytd4m0dope5s8ohcz59twqmshvizdmx0yt13z/confusion_matrix_table.table.json","_latest_artifact_path":"wandb-client-artifact://2vy2qbldijxwrv9b825iakfj8fynxc7ujshxxdtmb8k348eh7k9j94bus5p1bjb1azwmizk64e8jxseo40r2mvnc91ez06jppdce6bvrz5pq7jcpvdcv7ytlsoyq8ngx:latest/confusion_matrix_table.table.json","path":"media/table/confusion_matrix_table_11_acecddeab1016f4bf375.table.json","ncols":3,"nrows":100},"val_accuracy":0.7073333333333334,"_runtime":14.5178168,"_step":11,"train_loss":0.78676548776893,"_timestamp":1.7422316889585907e+09,"train_accuracy":0.717462962962963,"epoch":10,"val_loss":0.8102276562715146,"test_accuracy":0.708,"_wandb":{"runtime":14}}