{"val_loss":0.6162268417024784,"_step":11,"epoch":10,"test_accuracy":0.7632,"_runtime":10.4885506,"confusion_matrix_table":{"path":"media/table/confusion_matrix_table_11_300135ecf548bf3cf4a2.table.json","ncols":3,"nrows":100,"_type":"table-file","sha256":"300135ecf548bf3cf4a2451d808b127cabcdc2ae3efa20fde629cc6747a12ecf","size":2948,"artifact_path":"wandb-client-artifact://kno4au8p6n96qlu3sx22yv477z6rf17kozb89wm0zv1h1tudmv4e7tlpch5thw8fupnydzytq41btvll9sfxsatpz3l8c9hqyronor4ud233o21k0315q2gq1c6dlvc0/confusion_matrix_table.table.json","_latest_artifact_path":"wandb-client-artifact://3q5kxx4nhek20403k9itfr14ovmxwd2m0jv7h1wb4tqwsob0iujhue1cfuaa28v7hdhipwsgq5sqwwjqjp460qu2e3599t9012fljo62qgm03x6bywb58gt9koxal75w:latest/confusion_matrix_table.table.json"},"_wandb":{"runtime":10},"train_loss":0.6036179177312696,"_timestamp":1.7422336894093156e+09,"train_accuracy":0.784074074074074,"val_accuracy":0.7746666666666666}