{"confusion_matrix_table":{"sha256":"487381730b2d197d74eee689485724901e37dcf352c1e25664ca953156e4c48b","size":2987,"artifact_path":"wandb-client-artifact://n3og1ktbpte3l40d4h3q0lkqb15je9xqy3e9yfjotos5x0z9494esi9z8oadae1c846pvog0yhzllmz1lye0xoyb5cvh07z5lqr28b0tyqj4deijwvllnh7rhxcvlca0/confusion_matrix_table.table.json","_latest_artifact_path":"wandb-client-artifact://k6jf564ex5eckdmrw2o4f99dcswy1e87pltu8updpecjeib2lkhb109swuoovowg4zo33zcu3ihf1nxdba2xx2tp4uu2t78eshxem96v93lu4i3t34aftscuq4yjr81w:latest/confusion_matrix_table.table.json","path":"media/table/confusion_matrix_table_11_487381730b2d197d74ee.table.json","ncols":3,"nrows":100,"_type":"table-file"},"_runtime":34.5633676,"val_loss":4.291481397900646,"_timestamp":1.7422334843531206e+09,"epoch":10,"_wandb":{"runtime":34},"_step":11,"train_accuracy":0.518425925925926,"val_accuracy":0.5036666666666667,"train_loss":4.051162003246476,"test_accuracy":0.499}