{"_wandb":{"runtime":16},"val_accuracy":0.8766666666666667,"_step":11,"test_accuracy":0.867,"confusion_matrix_table":{"sha256":"a7c92d9543f166c80553c18a35567f104a34624e67cd166a17dc4e62ce037a73","size":2934,"artifact_path":"wandb-client-artifact://yed3i6w3u7fz0ojbi8xp21a34nxbc6bz1cjnffaio5md8a7wk4hjs9kqccx6b71fmaqogwhvmw8fb6f85ezi4ssieronn14r44bnc61nuvf1x5rvp5ameg40kmf2l0eg/confusion_matrix_table.table.json","_latest_artifact_path":"wandb-client-artifact://off8p56hjz4w1z0yia0n5m9rnih5nckdsmiz6hkq9gg7lec0dge7q8n15xeqibv0csl8naw9z6m6ykp4e0iwot1zuwwx35135pojsv3i90ekx1s0tdk3qizzl4axlpfc:latest/confusion_matrix_table.table.json","path":"media/table/confusion_matrix_table_11_a7c92d9543f166c80553.table.json","ncols":3,"nrows":100,"_type":"table-file"},"train_loss":0.2841153915690302,"train_accuracy":0.8960370370370371,"_runtime":16.572703,"epoch":10,"val_loss":0.3471448788779883,"_timestamp":1.742231089144901e+09}