{"test_accuracy":0.4947,"train_accuracy":0.5034259259259259,"_wandb":{"runtime":9},"_timestamp":1.7422815054363484e+09,"_runtime":9.734797799999999,"epoch":10,"train_loss":0.3195853304075425,"val_accuracy":0.48733333333333334,"_step":10,"val_loss":0.3284304761366345}