{"_step":10,"_wandb":{"runtime":7},"train_accuracy":0.8523148148148149,"val_accuracy":0.8398333333333333,"_timestamp":1.7422815659113545e+09,"_runtime":7.4292781,"test_accuracy":0.837,"epoch":10,"train_loss":0.10890260557340259,"val_loss":0.11525388620537069}