{"val_loss":0.2416787827960298,"train_loss":0.23043955232763486,"val_accuracy":0.7516666666666667,"_wandb":{"runtime":35},"_runtime":35.5118074,"epoch":10,"_step":10,"_timestamp":1.7422839212458656e+09,"train_accuracy":0.762537037037037,"test_accuracy":0.7521}