{"val_accuracy":0.8453333333333334,"_runtime":9.7859468,"confusion_matrix_table":{"ncols":3,"nrows":100,"_type":"table-file","sha256":"24d1e5f084ff419056b8b19a305b6e8d8230c433a9726cd9071220eb733ea4f5","size":2939,"artifact_path":"wandb-client-artifact://5qruq6nrelrokpmctd4snq9r4wy0jyy6igycv0yh78hqzyls8wmdgxt306rw9r0oe580psi4pv9a5sf44izmkja68xxj8sohqhs0cb8jpy2olp747y02x13oeizk3b9m/confusion_matrix_table.table.json","_latest_artifact_path":"wandb-client-artifact://mnwm8f1hyjf2b2oe3u4euqnpuh564zterizfbkw71kf828lmft1qau4wjzj7h3dezlx40ngzuhg0qjgch04piid293nc0l4ishf3p2li2tvpe1rrohyddkevsxu112cq:latest/confusion_matrix_table.table.json","path":"media/table/confusion_matrix_table_11_24d1e5f084ff419056b8.table.json"},"_wandb":{"runtime":9},"train_loss":0.42167181025643713,"_step":11,"test_accuracy":0.8358,"val_loss":0.43662968271510477,"_timestamp":1.742231210272775e+09,"epoch":10,"train_accuracy":0.853037037037037}