{"_wandb":{"runtime":11},"val_accuracy":0.8215,"epoch":10,"train_accuracy":0.8387592592592592,"confusion_matrix_table":{"size":2934,"artifact_path":"wandb-client-artifact://ba78ufhfpocknkd6nqofztow2n4ovexoy9watkhs0j84u8csqt5yujllekv8l03jfon8lk8dc98wju1obxsux5fy5f8rhlpnkuk9jf1r4g4sap4dalwsl5mrbw4fg90x/confusion_matrix_table.table.json","_latest_artifact_path":"wandb-client-artifact://ghqxfou5f2te9xsmbneo1rwv5bv0206sogm3b0zic05sb53ou781vensr5z443y0ld5o3m8ba5ta0cynk1gg7153o3bfq7yac53dzeemtvbbrt9ovzlb9gpvsptrlp9b:latest/confusion_matrix_table.table.json","path":"media/table/confusion_matrix_table_11_59e69387cf91b3cc5007.table.json","ncols":3,"nrows":100,"_type":"table-file","sha256":"59e69387cf91b3cc5007cce8d0956a05a4503b0b2145ca30092624267282209d"},"_timestamp":1.7422319824127712e+09,"train_loss":0.44931626273615194,"val_loss":0.4948546990116254,"_runtime":11.41919,"_step":11,"test_accuracy":0.8168}