{"val_loss":2.244422945657284,"epoch":10,"_timestamp":1.7422340818683014e+09,"train_loss":2.157046274886647,"test_accuracy":0.7453,"_step":11,"confusion_matrix_table":{"artifact_path":"wandb-client-artifact://cnauhldvsdk4fkya5gyizjslma4w64izogkl01samrs57swue6hchjx598ajulrrd2h8hyu0cemuupskigsma0fe8smar9x8haltto0g6gz0ews0qww7328bvg2l6iya/confusion_matrix_table.table.json","_latest_artifact_path":"wandb-client-artifact://ynz7pstchxj03cc2742envbkh3cetwi9pbtgd06xgy6722dyv3evzats63g3t8w62sslnike4b35zj57ejyb8luuozify0dsg49342a5niexhzuj7cvsq04qogqialfx:latest/confusion_matrix_table.table.json","path":"media/table/confusion_matrix_table_11_efae4c624a954794ffb4.table.json","ncols":3,"nrows":100,"_type":"table-file","sha256":"efae4c624a954794ffb44228524358b7a091e4057a4fe84ad9b6e9ce3bf45fff","size":2948},"val_accuracy":0.7506666666666667,"_wandb":{"runtime":8},"train_accuracy":0.758537037037037,"_runtime":8.8580472}