{"val_accuracy":0.7711666666666667,"confusion_matrix_table":{"artifact_path":"wandb-client-artifact://1sfzxjchhi2s8i4be3jceoz56m1mp44u3z8sj5y8itbyi9t1cci1c0wrcn4g1c3zyhl7i9kyqjmktx3ieorvx4jro6tbvh0alzuvagq6ni4gafqs2ku472nhghqn2ucz/confusion_matrix_table.table.json","_latest_artifact_path":"wandb-client-artifact://ul78fuor62xmke1n0awknqdvl1itnqq1cgttsgjn8nzradbnk3fh9yx2scnyo8p1rn3qnj8qv7j6ogpumzyhrfrjjpzrrpeazegt7m1e8dpcrlwlsmfw82axthp97syp:latest/confusion_matrix_table.table.json","path":"media/table/confusion_matrix_table_11_02cf02234270a5f62b85.table.json","ncols":3,"nrows":100,"_type":"table-file","sha256":"02cf02234270a5f62b85e3be45e0133fc17571c7d481ea4481d918fb51303231","size":2948},"_wandb":{"runtime":11},"test_accuracy":0.7632,"_runtime":11.1265156,"_timestamp":1.7422329398232756e+09,"_step":11,"train_loss":0.626255367836461,"train_accuracy":0.7780555555555555,"val_loss":0.6470717577352117,"epoch":10}