{"_runtime":6.4784704,"train_loss":1.8428007068119066,"_step":11,"test_accuracy":0.397,"confusion_matrix_table":{"artifact_path":"wandb-client-artifact://3g6airqdoc99a79frpvp86o8iy4sjkqarsijwoesu2u8qdyiqupu7p309s4wtpr0k0pvze3wkbamemcvwkx42nn0tcux9ntpiqwehnt40wl35yz9bfyul1oy6jsw0jn7/confusion_matrix_table.table.json","_latest_artifact_path":"wandb-client-artifact://on6vs7d2sojp9dc23kxj6zsgnkphndjjkftsptlcm2welnny1yh5q836x0clfzizghi0bgt0vyjrerhp8aiwa3kdu818ewtc5xac12d4ld2hop3gco6sqiqvo9ohcggj:latest/confusion_matrix_table.table.json","path":"media/table/confusion_matrix_table_11_43a1a10136f40024f8e5.table.json","ncols":3,"nrows":100,"_type":"table-file","sha256":"43a1a10136f40024f8e543f342dcda96baf7214b0497bdd97da39e5775d8631e","size":2946},"_wandb":{"runtime":6},"epoch":10,"val_accuracy":0.39266666666666666,"_timestamp":1.7422335823756068e+09,"train_accuracy":0.40403703703703703,"val_loss":1.8534001093873331}