{"train_accuracy":0.41053703703703703,"val_accuracy":0.4171666666666667,"epoch":10,"_step":11,"confusion_matrix_table":{"nrows":100,"_type":"table-file","sha256":"ea99da550099b10d998159d675f61c07e4e1986111ad623a0d2cb4991be0c3cc","size":2930,"artifact_path":"wandb-client-artifact://hni4n78x2wy4lomxodotvorwj248g7y1yqlhfv5dr83n56j2jk2vzfvygc9w5igb9vj54srr4l6kguqq1q1qtx4z5amvj4fut3drwkbuyicxram3jyo07horjc2kvfoi/confusion_matrix_table.table.json","_latest_artifact_path":"wandb-client-artifact://zweomr4dpds62d69agl99dieadncz26pnud0ld25n6gieqdyi3hy1piy1bqtal1jjs7h0lpyaixiy44oso1o52kj4p1aetzon096uugft9wqkhocviga81ibei3wbwo5:latest/confusion_matrix_table.table.json","path":"media/table/confusion_matrix_table_11_ea99da550099b10d9981.table.json","ncols":3},"_runtime":6.8311123,"val_loss":1.4458565166674653,"_timestamp":1.7422323084642353e+09,"_wandb":{"runtime":6},"train_loss":1.4424381080659785,"test_accuracy":0.4084}