{"epoch":10,"_wandb":{"runtime":10},"_timestamp":1.7422336344421499e+09,"_runtime":10.268602,"test_accuracy":0.8017,"val_loss":0.5522982873804443,"_step":11,"train_loss":0.49924522554039796,"confusion_matrix_table":{"sha256":"11a5101521f476a7fb64123cce4983e7131edd54629b92d05b8acca6724678d1","size":2941,"artifact_path":"wandb-client-artifact://zp3cxikk4rx96pkgjdte09k76bgg1wj7k3h3jue5i80vr9ogl9h6oip8yen53n757o95y5az6lf84qoey5t9lx6urbyw6tvpyj2thu35d8hb7lehxwcfkhh1308h959h/confusion_matrix_table.table.json","_latest_artifact_path":"wandb-client-artifact://zcibivns8utghy4bclu0y85k3w53yxxl5fre8ndv74hcoxkim8n01jk37hvb39qaxjtd978biwo7yxqpj2uzhruxa72b1lrtm8todv6gejpob5j1jclxr4rk74bfh5cy:latest/confusion_matrix_table.table.json","path":"media/table/confusion_matrix_table_11_11a5101521f476a7fb64.table.json","ncols":3,"nrows":100,"_type":"table-file"},"train_accuracy":0.8250740740740741,"val_accuracy":0.8068333333333333}