{"epoch":10,"val_loss":2.3510289320199593,"confusion_matrix_table":{"path":"media/table/confusion_matrix_table_11_d52b0ad9ff5f7cbacb09.table.json","ncols":3,"nrows":100,"_type":"table-file","sha256":"d52b0ad9ff5f7cbacb0914fa64f72de4c93b312c208c3a8b3682b679d076d63a","size":3014,"artifact_path":"wandb-client-artifact://4bdp3ool80d134f8e43s1s8qj2ulg9q258oxa6oi377hy8fkq77q6yu5atx8e8yd968f9h3nrq99tk2hxn8tw9gu7zeaiywh7fhpp7b6hlj44wbm2nejomw9r2dtr0g9/confusion_matrix_table.table.json","_latest_artifact_path":"wandb-client-artifact://qs1zw17gciy3jb90pc9a73ff7gkvh4y0b2333huuseshioa23nhuyxy4lpwza8kuncjo5729nux4uvxlujoa0rbx1vwy57a00tpn165qf9ei874y810zte4jb8dujat1:latest/confusion_matrix_table.table.json"},"test_accuracy":0.3158,"_wandb":{"runtime":19},"_runtime":19.154651,"train_accuracy":0.31542592592592594,"train_loss":2.3467658266744174,"_step":11,"val_accuracy":0.307,"_timestamp":1.7422331232781272e+09}