{"val_loss":0.6123589408092994,"_timestamp":1.7422320275960176e+09,"_runtime":18.2680226,"train_accuracy":0.8100925925925926,"test_accuracy":0.7939,"_wandb":{"runtime":18},"train_loss":0.5762087895000672,"epoch":10,"val_accuracy":0.7973333333333333,"confusion_matrix_table":{"ncols":3,"nrows":100,"_type":"table-file","sha256":"a811b1b7cdb9decf8f45a99a5cfca6dfae805696b3695abcc74ffa411cc2b92b","size":2938,"artifact_path":"wandb-client-artifact://z7ow6uqhvvlinywn80k2cahd2976dtfdjpzy4kouef4ikkb70o18pt60f8ygykxu1j60oft8wiesb9qmm2le14rn2zp973h6rxd23iviuh17baoezw7hn1j5y25fieh8/confusion_matrix_table.table.json","_latest_artifact_path":"wandb-client-artifact://o7i1t11sikp1xuzwsg87v9l45xlsj7cieiq2tx3k9q8iv92elvp9iw3n3aphmegvfw2j4zo7l2pr2pbkhxm94dogmdvjwjdsp2rfgn059k4r89gs0mlom36ubb1nh1cg:latest/confusion_matrix_table.table.json","path":"media/table/confusion_matrix_table_11_a811b1b7cdb9decf8f45.table.json"},"_step":11}