{"train_accuracy":0.6991111111111111,"val_loss":0.830192758905642,"_runtime":5.4110637,"confusion_matrix_table":{"nrows":100,"_type":"table-file","sha256":"3d6c27011361777f61599daac316a264f89496e10c90180e4d38d8a67867cd08","size":2951,"artifact_path":"wandb-client-artifact://sv684g70c12vw6m5cappchrhv03xg7xwf4ubo22busb2h74s0me36bq2qgdtxxx38dw3vw0dqjzh0d0qs1stw5hip4q77f8yykbzcctusd0zqr1rhy89j1jhk2djd8my/confusion_matrix_table.table.json","_latest_artifact_path":"wandb-client-artifact://1lwpr5bh01jrxtwnrgqy8evdj64hc0f65rbrv5h3uz19odhqkzu4c7sb3z1r3l9qrihuils3n5t65krrva3fdiza7c4ddjs09e2wca3c6udxs5a310gy6pj3w245hlwc:latest/confusion_matrix_table.table.json","path":"media/table/confusion_matrix_table_11_3d6c27011361777f6159.table.json","ncols":3},"epoch":10,"_step":11,"val_accuracy":0.6983333333333334,"_timestamp":1.7422311318382728e+09,"test_accuracy":0.696,"_wandb":{"runtime":5},"train_loss":0.818302309760018}