{"test_accuracy":0.7739,"_wandb":{"runtime":35},"_runtime":35.6808333,"train_loss":0.19227291307769068,"val_accuracy":0.774,"train_accuracy":0.7932037037037037,"val_loss":0.211475120974978,"epoch":10,"_step":10,"_timestamp":1.7422836773311214e+09}