{"val_accuracy":0.8645,"val_loss":0.3881853248946444,"test_accuracy":0.8569,"_step":11,"train_accuracy":0.8734074074074074,"_wandb":{"runtime":17},"_runtime":17.0911505,"train_loss":0.3690596952006414,"confusion_matrix_table":{"nrows":100,"_type":"table-file","sha256":"55073324598971f29cc33a6a7af71e49eb3d552c55b9cee13b2ec5ad759c7731","size":2932,"artifact_path":"wandb-client-artifact://ygqmgq3sw3dgl49gsdipab77tdht5t09g6tjeg1jdujqluoxyzufnn7ublqwfauuy2h4jwcxcgzremfqov2uagkoxlqkunz39mc0c5qsua0nmb1wqdchlah3z9reamtu/confusion_matrix_table.table.json","_latest_artifact_path":"wandb-client-artifact://2xbdycymxbn7vjujibs79s0enw4y2j0uvj2sfh328g1ixkbos3no10tu8m08vsc2uftyrgemk9xobh0u9t21exbc0wl1ewg2d42tvbncsd34c98bhf7pobsw99nri68o:latest/confusion_matrix_table.table.json","path":"media/table/confusion_matrix_table_11_55073324598971f29cc3.table.json","ncols":3},"_timestamp":1.7422309878066382e+09,"epoch":10}