{"_runtime":25.7953111,"train_loss":1.1848161843940554,"test_accuracy":0.7071,"confusion_matrix_table":{"nrows":100,"_type":"table-file","sha256":"66f44d19053130e7358d8d3960e4e6f6c988839a74250a183a4406903ddc6ca8","size":2963,"artifact_path":"wandb-client-artifact://xch29zo55h3a3kt3vgx6ucdqy9y6n236x3zt5vsi0xxhsozycsyp074jck49bfzay69oqd2gedqp013zoeyedsezczswcwd06x7hzz9ei92cxj7zuvrteilyu3zek77d/confusion_matrix_table.table.json","_latest_artifact_path":"wandb-client-artifact://13dpq5qp7hmixrzd9p8wr1ron2c5laia3c1k90i7o8v8o8t5npobh08p03vhrg9xb8e52zoz3p8gzn50t66a733oa2y6y3ld0b4ck6ljvmrwfh4kb8shfo9etl6eefkj:latest/confusion_matrix_table.table.json","path":"media/table/confusion_matrix_table_11_66f44d19053130e7358d.table.json","ncols":3},"epoch":10,"_step":11,"train_accuracy":0.718037037037037,"val_loss":1.2381609187849107,"val_accuracy":0.7118333333333333,"_timestamp":1.7422315670974462e+09,"_wandb":{"runtime":25}}