{"val_accuracy":0.09833333333333333,"train_loss":2.313690189803408,"_timestamp":1.7422316065171754e+09,"train_accuracy":0.10018518518518518,"confusion_matrix_table":{"artifact_path":"wandb-client-artifact://dhyka6w34hu3drmr9r7v94tfmc9ojoxpn7iliy1m718ba0dh0d3gyf1jsxrhfceh45et4oyoj6mvvz507nb6tmcn9po4kz5qhcjyun0mfqathzepvrte74nuv9d17k1j/confusion_matrix_table.table.json","_latest_artifact_path":"wandb-client-artifact://7i89eld1kj6z8ny1igl9oq6hwbbn39auwncvru1bs6mbsx765pbnu6iwgint05ykmi7ru78udd6p7e3h1qd3sag21oqa63yp5dh5ytvuzpfswpmcxz9jsr7sundwby75:latest/confusion_matrix_table.table.json","path":"media/table/confusion_matrix_table_11_2ae49e2fc01f5dab5dc8.table.json","ncols":3,"nrows":100,"_type":"table-file","sha256":"2ae49e2fc01f5dab5dc86018cb96963bae0273b37cf4b2a94eb6d6c8d46b2aa0","size":2912},"_wandb":{"runtime":13},"val_loss":2.31697069237238,"test_accuracy":0.1,"_runtime":13.4858431,"epoch":10,"_step":11}