{"_runtime":9.5892296,"test_accuracy":0.1,"val_loss":0.45006303708420825,"val_accuracy":0.09783333333333333,"_timestamp":1.7422837097734387e+09,"epoch":10,"train_accuracy":0.10024074074074074,"_step":10,"_wandb":{"runtime":9},"train_loss":0.45004880412638865}