{"_runtime":22.7969755,"train_accuracy":0.7600740740740741,"_timestamp":1.7422335413994396e+09,"confusion_matrix_table":{"size":2939,"artifact_path":"wandb-client-artifact://1txbzlnr16t5egcwoh34l1ikkdtjcg8v794hys5f9b1ctrheyecachmrwlwbgss7u4xh3bcibkdtc008zosc3r15ozcc66q3tgv7p2vkyumbvit8lazr39wauqlgk7aw/confusion_matrix_table.table.json","_latest_artifact_path":"wandb-client-artifact://0l8j7qn8iwb9r5cetxdhf2c0xa4n715sraqrjc32zh3v10wtifx3mg3tn271tpvwm1hygcinv89pg5bqanlakst7ejiuwez2y1s1ezobpg6qmamhw27j0wwhfqksunji:latest/confusion_matrix_table.table.json","path":"media/table/confusion_matrix_table_11_67ff0e45ad0f2af42b18.table.json","ncols":3,"nrows":100,"_type":"table-file","sha256":"67ff0e45ad0f2af42b187eb475228edc9b6ed8cad525326e10e4b206d43ecaeb"},"_wandb":{"runtime":22},"val_accuracy":0.7476666666666667,"epoch":10,"train_loss":0.6864238376518016,"val_loss":0.7033646567879176,"test_accuracy":0.7472,"_step":11}