{"test_accuracy":0.8557,"epoch":10,"_wandb":{"runtime":19},"_timestamp":1.7422821423292408e+09,"_step":10,"_runtime":19.1885405,"val_loss":0.09584189046627598,"val_accuracy":0.8668333333333333,"train_accuracy":0.8778333333333334,"train_loss":0.0884213293296928}