{"epoch":10,"val_accuracy":0.8736666666666667,"confusion_matrix_table":{"_type":"table-file","sha256":"abb1ac0a6454f23f517098266cdd909b383434ccf7e4475515c46f0c16c34b8f","size":2934,"artifact_path":"wandb-client-artifact://3equprurf20hqzrrbsxw3vve4d1th4gwy7xkxmhoh2483r3laxaf2fq0h3l2cpf02kmbrvbfvupo67nm109raw2vzyk4nxu94r9g3ejzafvckp5ylchxlks4mo6qqnbq/confusion_matrix_table.table.json","_latest_artifact_path":"wandb-client-artifact://gy840ia001prgkypqj1slbskatlgt9wugi9605dj8b4jd1e0inluv733ty8alsicm2w3e4unm2hytlu2sx43qg9ka4lany9kwkse0i99zll6k89g1y4nxiuhf37m2uud:latest/confusion_matrix_table.table.json","path":"media/table/confusion_matrix_table_11_abb1ac0a6454f23f5170.table.json","ncols":3,"nrows":100},"val_loss":0.3706635011258294,"_wandb":{"runtime":15},"_runtime":15.4916004,"train_loss":0.3418814225900319,"test_accuracy":0.8599,"_timestamp":1.7422314558635893e+09,"_step":11,"train_accuracy":0.8796851851851852}