{"train_loss":0.48164638315156993,"confusion_matrix_table":{"size":2940,"artifact_path":"wandb-client-artifact://nl1grxoc1klr0a813mo9hfw2u1s5ai26dzlvlusdkc0gnqemkp2w0lbatasguhb0mytqzcjcppnw71ocbv7g9a8qsve0o9b8lxfl3rdjahzd5e242592grq1o6c6odq9/confusion_matrix_table.table.json","_latest_artifact_path":"wandb-client-artifact://gxh5s4u20p8nandycdgyv0xzitvt1wie2u7qe6vff3avwoll9s6tq1hymgmfnog0n1988qprw3rvxg674y41p7kpu1wc33kbvokj3plwgb4jhpxhzz5gbse5suyb0j8s:latest/confusion_matrix_table.table.json","path":"media/table/confusion_matrix_table_11_510e9638a58244e37037.table.json","ncols":3,"nrows":100,"_type":"table-file","sha256":"510e9638a58244e370374da164eb1e793d99af42097470e8683cd8fa9fce2bc3"},"_runtime":14.3560368,"val_accuracy":0.8191666666666667,"_step":11,"test_accuracy":0.8131,"_timestamp":1.7422320016244774e+09,"train_accuracy":0.828962962962963,"val_loss":0.5087844043308482,"_wandb":{"runtime":14},"epoch":10}