{"val_loss":0.594340156262161,"val_accuracy":0.7988333333333333,"_step":11,"epoch":10,"train_loss":0.5816734467580132,"train_accuracy":0.8049074074074074,"_wandb":{"runtime":6},"_timestamp":1.7422311955073283e+09,"test_accuracy":0.7922,"_runtime":6.7925492,"confusion_matrix_table":{"size":2943,"artifact_path":"wandb-client-artifact://cuqrf5u9chqmky9ygptfgyxrtpehu8cjd06sltu9osztuxck8c5rx26deo5fdnp7p6h790g0trdslivl80k0ofo6vhs63xwjuwo62kbtq64l0sjguqk7ovbzc238d8xq/confusion_matrix_table.table.json","_latest_artifact_path":"wandb-client-artifact://bz441isky5xwln5zn4bhex5nrdo5lltev0qk2jdg4f1tdgmwfy99i4sp1xkd4pitizly8fe5cxawgammgajf3q5itw77e0q3r58cdism9pk1m9k5nyhly5fxxslb18ef:latest/confusion_matrix_table.table.json","path":"media/table/confusion_matrix_table_11_249bd14cdaff1c29bff5.table.json","ncols":3,"nrows":100,"_type":"table-file","sha256":"249bd14cdaff1c29bff599caf609681a01adba67d11e0581c77a7ea186621c62"}}