{"_timestamp":1.7422333779593534e+09,"_runtime":13.6252693,"confusion_matrix_table":{"ncols":3,"nrows":100,"_type":"table-file","sha256":"0096bba7a3a8a251f1846d8d8b0e326fb6c0bcaacc6186af2278026ddf8ecb3e","size":2954,"artifact_path":"wandb-client-artifact://wp2qyttvtz8h3xghvhhcd0fompskg29ibmhepn3rsga545eh3hw0tlirbruv86lltc9w1evsbwmozw5lk2ekac50ftvo94s597ly3ffsvm0tnrtuo69pea4k5shaaadt/confusion_matrix_table.table.json","_latest_artifact_path":"wandb-client-artifact://36h4tlmndac9ie6te9hzbfwob68umu6jbwh4lbm917trntqd5qdjq6jl6tpjsv3nx2b1ybap5h414jtq53o4qh1hhrmp0pwt4kk7tu8sa32zq55061eexo7wf2hbwrmk:latest/confusion_matrix_table.table.json","path":"media/table/confusion_matrix_table_11_0096bba7a3a8a251f184.table.json"},"val_loss":3.8118430404244323,"train_loss":3.647410299140104,"_step":11,"val_accuracy":0.7116666666666667,"_wandb":{"runtime":13},"test_accuracy":0.7114,"train_accuracy":0.7209629629629629,"epoch":10}