{"_step":11,"train_accuracy":0.10005555555555555,"epoch":10,"test_accuracy":0.1,"val_loss":17.26950727808469,"_timestamp":1.7422338850256343e+09,"val_accuracy":0.0995,"train_loss":17.302596779480233,"_runtime":25.2311233,"confusion_matrix_table":{"nrows":100,"_type":"table-file","sha256":"9b3969f88adfb0058642f08bb003e5c6ebba91d507912f624980c7c76238bfe0","size":2912,"artifact_path":"wandb-client-artifact://d7dzza9bfwns7b7xypnqeqdcfzaow60ad74ni8fsz3rd1pekv99hrhsmmr8b8eclcwe3zkfm821p3ywl6nmcees1r82cc7dl7r7ifguglb99ayhr9p2n2r4yg7g5osas/confusion_matrix_table.table.json","_latest_artifact_path":"wandb-client-artifact://zchlan6jcvb5xhkmneciuc10jrknz9s7h7pm35bbsh9xebgwhq6nlw8colu8jpzbgx9co9as5lqlf5v8citbtmmr777lfay4mw83pyb3i6dtu97utkm8dtc010ads025:latest/confusion_matrix_table.table.json","path":"media/table/confusion_matrix_table_11_9b3969f88adfb0058642.table.json","ncols":3},"_wandb":{"runtime":25}}