{"confusion_matrix_table":{"_latest_artifact_path":"wandb-client-artifact://xqwn3vb57hk36ythu2sl4nlg6hvzqxjvw6izgmf2brnr4pjeeezl8sgg5kw04gu76a1uvtgae26ehqwi0j3yvu0xq0ku4tqkq7e7glh64k37379yac1tduqsgs5dc4tr:latest/confusion_matrix_table.table.json","path":"media/table/confusion_matrix_table_11_5fd13e912248f82c7352.table.json","ncols":3,"nrows":100,"_type":"table-file","sha256":"5fd13e912248f82c735208539c80ed14929a4c138ba12458a0ce6c32ad036665","size":2935,"artifact_path":"wandb-client-artifact://d1cxaqlpvs4zos4psaupzqmfsrzxl1xf06up4sx2a0hlb09xoo7clbhab4cvsumwv4cvfm4pfkd339hbu48etwd5q1w1yesr9g9oowdqa3wrn24lge4jcyr6xizjath7/confusion_matrix_table.table.json"},"epoch":10,"_timestamp":1.7422312721254604e+09,"test_accuracy":0.8509,"val_loss":0.3773309656586358,"train_loss":0.36554465593479835,"val_accuracy":0.8598333333333333,"_step":11,"_runtime":23.9735556,"_wandb":{"runtime":24},"train_accuracy":0.8691296296296296}