{"epoch":10,"_runtime":13.285735,"train_accuracy":0.8532222222222222,"val_accuracy":0.8435,"_step":10,"_timestamp":1.7422827001147482e+09,"train_loss":0.10798119180699237,"test_accuracy":0.8373,"_wandb":{"runtime":13},"val_loss":0.11370046910932534}