{"epoch":10,"_timestamp":1.7422310064672122e+09,"confusion_matrix_table":{"ncols":3,"nrows":100,"_type":"table-file","sha256":"22b53bb1570f3cb1706f7b0aed3ea1b86114d55b076e971d01e13b403ab16cde","size":2952,"artifact_path":"wandb-client-artifact://d013155oz088wow29tjip6v9gbefbgkab6vaf73eq1duk1w3ezomv0fn39bl6hnwopbxzce0yqbyy1z1eqk2428mlk7a0jqtg9amjlznf49z6m1s4uqfbib5132z67bd/confusion_matrix_table.table.json","_latest_artifact_path":"wandb-client-artifact://9k57nh8vkf9y04knzpnko5qn60iv6dpw28vq1bthlcu6ysxgpn5plvfokv0xzzsow93vr2lbxkhcsgi06lq8fz1e2ldpyv7970z6tt81ri8zczi32unlvsuzvvlki7uo:latest/confusion_matrix_table.table.json","path":"media/table/confusion_matrix_table_11_22b53bb1570f3cb1706f.table.json"},"_runtime":9.8426636,"val_accuracy":0.7213333333333334,"val_loss":3.1251823822527034,"_wandb":{"runtime":9},"_step":11,"test_accuracy":0.7236,"train_loss":2.883352318673382,"train_accuracy":0.7357222222222223}