{"train_loss":0.1280625548787201,"val_loss":0.1325612986531073,"train_accuracy":0.8167037037037037,"val_accuracy":0.8081666666666667,"_runtime":28.5664733,"_step":10,"epoch":10,"test_accuracy":0.8067,"_wandb":{"runtime":28},"_timestamp":1.7422839562933643e+09}