{"_wandb":{"runtime":11},"val_accuracy":0.8598333333333333,"val_loss":0.4280776319262241,"epoch":10,"test_accuracy":0.8546,"train_loss":0.34062600424040507,"confusion_matrix_table":{"ncols":3,"nrows":100,"_type":"table-file","sha256":"cdc1914f87b64ffef3a11b0061956ba3beecbdb226e0111b56a4b438c9ac0f78","size":2935,"artifact_path":"wandb-client-artifact://2nae7h931t5x5ah51ccb6ynp6gnm5d5fqeqgfg6usz0iucajuh79nac1wppn77llrk3zjd6s49fa8fni084itqn4xl8os0qcadzpt4gmcn6s32b5bt4yplwhoaqwj6p6/confusion_matrix_table.table.json","_latest_artifact_path":"wandb-client-artifact://arwimm01oaynfwdqwy3w5i80i3g7caf7d62xr4m96k2z1t7p7igoub9gz66exnu0bhystyccsajhj0ivpg32gl0ashi7ir2z96a85vb42cjou2edjzrvwvvywax6m9c4:latest/confusion_matrix_table.table.json","path":"media/table/confusion_matrix_table_11_cdc1914f87b64ffef3a1.table.json"},"_step":11,"_runtime":11.4387137,"_timestamp":1.7422331632137158e+09,"train_accuracy":0.8849074074074074}