{"test_accuracy":0.4753,"_timestamp":1.7422816740020933e+09,"_runtime":19.1896423,"_step":10,"val_accuracy":0.4876666666666667,"epoch":10,"_wandb":{"runtime":19},"train_accuracy":0.4796666666666667,"train_loss":0.3361021347470513,"val_loss":0.334542541932631}