{"_wandb":{"runtime":12},"_step":11,"epoch":10,"confusion_matrix_table":{"size":2970,"artifact_path":"wandb-client-artifact://8nouva8xlxnwelhqhb1u6huaojrzey0ue39zi20jthndyzn9q7j7jbish6aa5hfa6o2es3qpombo7thlof49aj5h3udvoae9tlpkd4u3uerve5xny2bb0socdv5p8mtm/confusion_matrix_table.table.json","_latest_artifact_path":"wandb-client-artifact://218p57p2dl12pyyq0fc2w472azym8dmuxp019f1fy820hja4wfy9bggt8p8hej4eqbowii23i3dy1987y53x3p89unia9w4z6zmtyw89u5e3yax60jmeib8lno7d7ktm:latest/confusion_matrix_table.table.json","path":"media/table/confusion_matrix_table_11_ca75fb6643f20d4faffe.table.json","ncols":3,"nrows":100,"_type":"table-file","sha256":"ca75fb6643f20d4faffeeea86b81b50147bdd2627c0dcdd039cc20e12549cf5f"},"train_loss":1.1579485131935063,"test_accuracy":0.5926,"val_accuracy":0.599,"train_accuracy":0.6062407407407407,"_runtime":12.476901699999999,"val_loss":1.1850531686769206,"_timestamp":1.7422322926879778e+09}