{"epoch":10,"_wandb":{"runtime":17},"val_accuracy":0.8543333333333333,"_step":10,"train_loss":0.09854297440774944,"_runtime":17.3528802,"val_loss":0.1068710347175283,"_timestamp":1.7422828568419774e+09,"test_accuracy":0.8456,"train_accuracy":0.8648703703703704}