{"_runtime":20.3976775,"train_loss":0.18608910210340515,"test_accuracy":0.7105,"val_accuracy":0.7155,"_timestamp":1.7422829460026622e+09,"_wandb":{"runtime":20},"train_accuracy":0.7263148148148149,"_step":10,"epoch":10,"val_loss":0.1928106905351762}