{"train_loss":0.10549210897100796,"_step":10,"_wandb":{"runtime":19},"_runtime":19.2225591,"test_accuracy":0.8371,"_timestamp":1.742281276322732e+09,"train_accuracy":0.8524814814814815,"val_accuracy":0.8428333333333333,"val_loss":0.11370246230220628,"epoch":10}