{"_step":11,"val_loss":5.682547933099663,"_wandb":{"runtime":27},"train_loss":5.4856307156988215,"confusion_matrix_table":{"size":2947,"artifact_path":"wandb-client-artifact://sl297k66n4uld4n28d0wfxwv8mpkxwnhc33ofwnm90358ec07n5rep5imqp4cvfb5t02j6wffs5bfnzg4i79epcex1hc9ff1fg6wzj10nzvdfwc2ukt1zrp2qvpgmxe0/confusion_matrix_table.table.json","_latest_artifact_path":"wandb-client-artifact://j3eslbws7mmsosfhdbu535qu3is9d9usy8p5xfxr4h3cj7kmi7ade8779ie9e8e997rr16o7xpta2pwta6hs8j3hl5asrb7vdebelonebv71oie7s4e8fs58iy2mxlr7:latest/confusion_matrix_table.table.json","path":"media/table/confusion_matrix_table_11_08cdd065753131610627.table.json","ncols":3,"nrows":100,"_type":"table-file","sha256":"08cdd065753131610627e8ef1518122397d8544fa08b3d0de40150d7881169fc"},"train_accuracy":0.7616296296296297,"val_accuracy":0.7528333333333334,"_runtime":27.6289969,"test_accuracy":0.7523,"_timestamp":1.742231920279092e+09,"epoch":10}