{"train_loss":0.3544253090859117,"confusion_matrix_table":{"artifact_path":"wandb-client-artifact://2qmc8ak3p1usvy5npngumtqpdpafm6hor6p68ugtpjubu6xxzxs3tkd1gvck9zimx9phavifar2468lfr0bs0jt16t7yv6kv633xpqzoq3hlybefmshtc6bjln926mpu/confusion_matrix_table.table.json","_latest_artifact_path":"wandb-client-artifact://pv4jpyshvv21r324fxqjh93rw9nhnygyidzg3pnu7qz0hnkv7dy1igzjklg04dqm413opny5xd8kjki6m4z6qlhd86tgdl6wn96pf3p016ej436pkq7bj3uozrlk4tow:latest/confusion_matrix_table.table.json","path":"media/table/confusion_matrix_table_11_0e3322b3d9a9f561212e.table.json","ncols":3,"nrows":100,"_type":"table-file","sha256":"0e3322b3d9a9f561212eb0e5ef7109c5e667cb6daff99d66dd3856813dd51a71","size":2933},"epoch":10,"val_loss":0.3759098134640253,"_timestamp":1.7422322304699602e+09,"_step":11,"_runtime":8.8049373,"train_accuracy":0.8729629629629629,"test_accuracy":0.8534,"val_accuracy":0.8615,"_wandb":{"runtime":8}}