{"_step":11,"confusion_matrix_table":{"nrows":100,"_type":"table-file","sha256":"7b4f084f87ec131772ae1a448ac9115c30b2e5948b7da0906483ee0a3038dacf","size":2932,"artifact_path":"wandb-client-artifact://p02f947cpmefrq5b1jzhoz00yvczny8vv2wuy1cu0pyqwh2qzfj36fh95grohchq1001tu88wn6g57sgtl1jk7bo6ga66l6bxllq5vwqcpvxnsfamk29ajyhrlu5smws/confusion_matrix_table.table.json","_latest_artifact_path":"wandb-client-artifact://zppcqo8cp3fj7jpfqokcseclxuudalza5bbod4a4geiev5auir7ypkokngu3dv2knti0ctom9muu9j6xs9jkjlk63t1ficshrftfv5aoo9qcw0fjuzbh39yu2i8mextm:latest/confusion_matrix_table.table.json","path":"media/table/confusion_matrix_table_11_7b4f084f87ec131772ae.table.json","ncols":3},"test_accuracy":0.8469,"epoch":10,"val_loss":0.41483681285389307,"_timestamp":1.7422337793984754e+09,"train_accuracy":0.8671296296296296,"_wandb":{"runtime":8},"val_accuracy":0.8508333333333333,"train_loss":0.37359481836898095,"_runtime":8.8567086}