{"epoch":10,"_wandb":{"runtime":44},"val_loss":0.31663983126417056,"val_accuracy":0.8866666666666667,"confusion_matrix_table":{"path":"media/table/confusion_matrix_table_11_125865f5c0515ec00fe1.table.json","ncols":3,"nrows":100,"_type":"table-file","sha256":"125865f5c0515ec00fe1d471f27bb82ddf8bf169c05e0770420d51abcde68da6","size":2925,"artifact_path":"wandb-client-artifact://q75kydor98q37824ep63eglz70e4w9kwomv0ubs3au25rmdqw5fvfokhzl2wb15jvn0jzlq9yach58cxhyv6a051kx09qsu76yzt1bayxzzsb2oale6s3f7j2aophce5/confusion_matrix_table.table.json","_latest_artifact_path":"wandb-client-artifact://82t3zasxo4lvo50zspi40i5ueakuaonh0tufh4ylpwbw7r5u42ahn4trpiznt9o8gyugdz7h96kx42xkbr1r4sxntzlt6q7su5rgbxcn3hmzf051fkjj7v1jjzlug1w6:latest/confusion_matrix_table.table.json"},"test_accuracy":0.8778,"_timestamp":1.7422329199099672e+09,"train_accuracy":0.9146851851851852,"_step":11,"_runtime":44.3253352,"train_loss":0.22861330088380735}