{"_wandb":{"runtime":28},"epoch":10,"train_accuracy":0.896462962962963,"_timestamp":1.7422315118049393e+09,"test_accuracy":0.8681,"val_accuracy":0.8711666666666666,"_step":11,"train_loss":0.28303452225623815,"val_loss":0.35750941809925285,"confusion_matrix_table":{"sha256":"26144146bee034cdf5489f1a9af86b5841ea9279bf3d39051f12e5250bc7c7d7","size":2931,"artifact_path":"wandb-client-artifact://79ze3w0dq1shxxmc16wzbk2bndc4568rpzukkori30ioywlk1popk1i50jgnhi51i8lbknwgieoo8g0w4rdgv70kyoj5r7uos16zmz13ubpm2mmwsk1darxohz55f5d3/confusion_matrix_table.table.json","_latest_artifact_path":"wandb-client-artifact://e617uzusachhoiy45282hhm07fbtl6on1hzl49g7elpaxzgpehgl5e61ksrfo9o075qm3d6rqh26p55dup321djuisl35r576zy8xnw0ouh43uwy72hzzsn3ixm46vpj:latest/confusion_matrix_table.table.json","path":"media/table/confusion_matrix_table_11_26144146bee034cdf548.table.json","ncols":3,"nrows":100,"_type":"table-file"},"_runtime":28.8130302}