{"_runtime":14.2792159,"val_accuracy":0.8731666666666666,"test_accuracy":0.8665,"train_accuracy":0.8941111111111111,"_step":11,"epoch":10,"train_loss":0.2872832908923884,"_timestamp":1.7422337631808448e+09,"confusion_matrix_table":{"path":"media/table/confusion_matrix_table_11_565ac4f1c09df9f7c7eb.table.json","ncols":3,"nrows":100,"_type":"table-file","sha256":"565ac4f1c09df9f7c7eb35cd27979015010c81aeefdc31eb81761815261c541d","size":2930,"artifact_path":"wandb-client-artifact://lsvayhgm8nn49xnsu7zlhd8kclrt6284k507ha0d4lzdpeesntora0j21jiu5t7igi4i7p5n7rv40aik56xe8fjx6ym7i3z4wdd7q9zglw06ogor9m4xrzfx39nswp8s/confusion_matrix_table.table.json","_latest_artifact_path":"wandb-client-artifact://l6qqrdlqe33jdrt5oejhhmy43urwygv6jo69m0gjziznjp9tnjkki1445m2onqkjdsbv5s60gxhj5nkfhc19s6r0j0bhspfkke07ky0ga6x0f88cwx4o6r9hgizpchmf:latest/confusion_matrix_table.table.json"},"val_loss":0.362776664538655,"_wandb":{"runtime":14}}