{"confusion_matrix_table":{"size":2966,"artifact_path":"wandb-client-artifact://p1apmsgivm8iz1dobtffv5w5wf9kcth7sg7l71i1cgrnlbaoqckgi995scap649zxasknmj39za2o2v44z6y87e56wu1ft9qj2mmkjj1e9vv5rky4zjsj8gwbfli3lil/confusion_matrix_table.table.json","_latest_artifact_path":"wandb-client-artifact://73j2ki4h1vwc4xd0y59hzuyx05hdh2edw5cli3bdf6w4d8zgdevuwl92kbmmjhog0jik8ffrsyh0c8q5003vull1qkgrg7d9tglh0u61wtmwzxvsqd6haz7cigyqkudx:latest/confusion_matrix_table.table.json","path":"media/table/confusion_matrix_table_11_8e29713c1ba11a8d7913.table.json","ncols":3,"nrows":100,"_type":"table-file","sha256":"8e29713c1ba11a8d791304f26fb79150a9930d6cf663b213680237b25e5e2d26"},"_step":11,"val_accuracy":0.649,"val_loss":1.6777404185135971,"train_accuracy":0.6609074074074074,"epoch":10,"_runtime":12.1178286,"test_accuracy":0.656,"_wandb":{"runtime":12},"train_loss":1.6069417796673833,"_timestamp":1.7422322494354277e+09}