{"train_accuracy":0.7556111111111111,"val_accuracy":0.75,"_runtime":7.8445708,"_step":11,"epoch":10,"val_loss":2.8874014482150816,"_timestamp":1.7422339595595748e+09,"test_accuracy":0.7478,"_wandb":{"runtime":7},"train_loss":2.763318292645316,"confusion_matrix_table":{"path":"media/table/confusion_matrix_table_11_b81b81284855ff63a0f9.table.json","ncols":3,"nrows":100,"_type":"table-file","sha256":"b81b81284855ff63a0f9d101598045fb0b459f9064e86afb18f71f235e67e0ec","size":2945,"artifact_path":"wandb-client-artifact://06dxnx4lfccezp49gi62olse13qiinjntth87sbcpiby20t5e84lnvkgzyx5h54toues46pkhqe62oovwurzfnkj6285kzrvajaxez2yg3a77o4toqm0gris2ym1bb0a/confusion_matrix_table.table.json","_latest_artifact_path":"wandb-client-artifact://cc6szye55zhk2rz5q0g17g07qfi3ogudmonkcauer6yh1gaamtx8u4g1fedy941koikzapp0bvu1tpagal4cl6th4lzwxlva2hdk4vjd10maxst05w2zi68wqxg8bdcb:latest/confusion_matrix_table.table.json"}}