{"_step":11,"train_loss":0.31045980624961905,"epoch":10,"_timestamp":1.742233974945444e+09,"train_accuracy":0.8877222222222222,"test_accuracy":0.8649,"val_accuracy":0.8773333333333333,"_runtime":7.3066522,"confusion_matrix_table":{"size":2931,"artifact_path":"wandb-client-artifact://k3w99wltu2nqr54k5a9zkah03j8hrp6s46t2zdy1403dmt4ychowpsaq5ci2cqx8wj1jjgwh42rldb1pwpvqurtvxff8rlvhg5ow5ng84yeqt896x631dl9cqzeppsdp/confusion_matrix_table.table.json","_latest_artifact_path":"wandb-client-artifact://7qb37yqc2d2sde9iy4rwwqkv32vpoa3fqkx7840qauxdoqev1jjgv2x8myyc9fztfkjs7j2xacicehypp6nfkzksx3ct1n5ynxtcmkawab6gepig6ao73okwfimtlxam:latest/confusion_matrix_table.table.json","path":"media/table/confusion_matrix_table_11_1b69d94e7654f45b9b7f.table.json","ncols":3,"nrows":100,"_type":"table-file","sha256":"1b69d94e7654f45b9b7fdd41b1a6ad28e32c74cbee5b43f26b3f87cc31843f52"},"_wandb":{"runtime":7},"val_loss":0.3489135238700337}