{"_runtime":13.4935822,"train_loss":1.7328164790049727,"confusion_matrix_table":{"ncols":3,"nrows":100,"_type":"table-file","sha256":"10091cb1b1b79883bbe2fe36dbc1e266af39a4e90fa1fddca41e528d46ac7920","size":2991,"artifact_path":"wandb-client-artifact://i8ub6a9xfbuz3y2dr7a7x2ee6fqpuqxq1bfxo49pwr0f5dx7id6oi2wo20er6wy1bs3jg1qanytutudf7n6v5y58yccaavtpxvdiavuk753bdssa1pmrz3zn6ujpnmt7/confusion_matrix_table.table.json","_latest_artifact_path":"wandb-client-artifact://75gzs02o0s137318mkecbhhtomaajpidb9zaw4e3d40chpxggchr72qjw63d5yjdzhd2ynsh9ete47lxd2e8qu0e7lhgfmuzo5bsgu1ayg57eyhddp7f7nj2dp90d12l:latest/confusion_matrix_table.table.json","path":"media/table/confusion_matrix_table_11_10091cb1b1b79883bbe2.table.json"},"train_accuracy":0.43227777777777776,"val_accuracy":0.43783333333333335,"_timestamp":1.7422314751224372e+09,"epoch":10,"test_accuracy":0.4311,"_wandb":{"runtime":13},"_step":11,"val_loss":1.7311888780707998}