{"val_accuracy":0.8413333333333334,"val_loss":0.45365731487033506,"train_accuracy":0.8557777777777777,"train_loss":0.40816273223640565,"_wandb":{"runtime":12},"epoch":10,"_timestamp":1.742231644697365e+09,"_runtime":12.3493112,"_step":11,"test_accuracy":0.8328,"confusion_matrix_table":{"sha256":"cb33d87a2972c21d31bb06a7a38cca961ec8372c4f779ab62eee05e26eee5940","size":2932,"artifact_path":"wandb-client-artifact://5rc65rz95q4wcvfz3frxgmkkn4kl98mv96h3vyu7w2gu6ymtcacuuybtfl6ic4da6xu0mfvsufyj474ompsercesif2m369fm81819iyytdiedic9h5camm4qrwgaz2q/confusion_matrix_table.table.json","_latest_artifact_path":"wandb-client-artifact://f2e6bfy8k6b8llb82gsqo523sm0em7j9r1npuo5rwelsap9hltukqap52z1h4m2vsxsibo0ihw5gxjd8rjyf948h5tj4n33dozsvum5x5x2kiy1nrp0yfpjcywas1xnp:latest/confusion_matrix_table.table.json","path":"media/table/confusion_matrix_table_11_cb33d87a2972c21d31bb.table.json","ncols":3,"nrows":100,"_type":"table-file"}}