{"epoch":10,"_timestamp":1.7422819772346666e+09,"train_loss":0.08298363086971039,"train_accuracy":0.8850370370370371,"_runtime":55.2161656,"_step":10,"test_accuracy":0.8639,"_wandb":{"runtime":55},"val_accuracy":0.8751666666666666,"val_loss":0.09063912309813271}