{"confusion_matrix_table":{"_latest_artifact_path":"wandb-client-artifact://9il59gin4mxdyzj1k2lqhb4xbbg83hhpiis7ksv7he1d0iebphlp3kpyug5k5hdijri1zld5zp7srebg1uobejn2k6k61ct9dha6yd78lgpwojnlk99z8b1ie0rcmryj:latest/confusion_matrix_table.table.json","path":"media/table/confusion_matrix_table_11_fe468ca6781bb54e4c5e.table.json","ncols":3,"nrows":100,"_type":"table-file","sha256":"fe468ca6781bb54e4c5edf757c73021460b27cbf16f44e76bcca0b472ed1abd2","size":3009,"artifact_path":"wandb-client-artifact://4tbgqg4a9k6x2ljaqk7xecuwvk1765vftxmlq3q13jf1nhr3o1xewgscru9345i5ce178ozvr1kyipse6k1xdc7qfcnldfmbwb7x7973zw900t07oxvgzovjfg2gdna7/confusion_matrix_table.table.json"},"_wandb":{"runtime":15},"epoch":10,"val_accuracy":0.37183333333333335,"_runtime":15.1646367,"train_loss":3.805546070523721,"_timestamp":1.7422320717204797e+09,"_step":11,"train_accuracy":0.37474074074074076,"test_accuracy":0.3642,"val_loss":3.8165317011672437}