{"_wandb":{"runtime":13},"train_loss":0.7660565035463854,"_runtime":13.1891555,"train_accuracy":0.7159629629629629,"_step":11,"_timestamp":1.7422310265879319e+09,"val_accuracy":0.6965,"epoch":10,"val_loss":0.8173053324865832,"test_accuracy":0.7017,"confusion_matrix_table":{"ncols":3,"nrows":100,"_type":"table-file","sha256":"ef747b14750344de83218cc00d677a38ff9b68ce706216ac0305980359648ed4","size":2952,"artifact_path":"wandb-client-artifact://rv886t5wz14iejtnuvelc2dxhdpu1fu1p60y4cbtcaftu0ylkmkceerri9kdz3ib6evb4z0kg901z48dzf9vgy7cqwn87zf9uvb2vi978af5dwvwjfrl957ywyi7viw9/confusion_matrix_table.table.json","_latest_artifact_path":"wandb-client-artifact://8uak570z5umlbltvr4yinffig0s15kzecit1epua7h5q0s9ok3hn31ucvbs5j5tlwur6j7aeno6h95h9qlzg1y1anaa8d34w54mmz0r844xa4uwod2izp98hwlu215tl:latest/confusion_matrix_table.table.json","path":"media/table/confusion_matrix_table_11_ef747b14750344de8321.table.json"}}