{"_wandb":{"runtime":16},"val_loss":0.0970413518152458,"val_accuracy":0.863,"test_accuracy":0.8527,"_step":10,"_timestamp":1.7422824490328753e+09,"epoch":10,"train_accuracy":0.8802037037037037,"_runtime":16.3876298,"train_loss":0.08401656570205622}