{"train_loss":0.35636673724389706,"train_accuracy":0.8735740740740741,"_runtime":11.3384481,"test_accuracy":0.8555,"epoch":10,"_wandb":{"runtime":11},"_timestamp":1.7422327655866542e+09,"val_loss":0.37345332549083377,"confusion_matrix_table":{"size":2936,"artifact_path":"wandb-client-artifact://31eh66r5d625loxflz43agyyrbquecv684vqe0nhozlliu1tz05utfbrwarkx4857b2lc1b27qwrheh7coogac0qdwatyp2vhzrlyxfwy4s36f5cstxsa41l4rn251k6/confusion_matrix_table.table.json","_latest_artifact_path":"wandb-client-artifact://so94fyzlohibn7sp4qj8f2l7tj91txgqkse8xvloe74f987vb2ngnbejjmr3b286rytxxam1858efs7yams4gf3gew2ry42l2lobeua5tir9n5m04v0lzy191sjeb4x0:latest/confusion_matrix_table.table.json","path":"media/table/confusion_matrix_table_11_835bbfcbf45df6cae89c.table.json","ncols":3,"nrows":100,"_type":"table-file","sha256":"835bbfcbf45df6cae89c9176a24f892c7d2f9c578bc1cdb9763b227222b87c11"},"val_accuracy":0.8656666666666667,"_step":11}