{"val_loss":0.43265884868075727,"_timestamp":1.7422330148965907e+09,"_step":11,"test_accuracy":0.8402,"_runtime":43.2806955,"train_accuracy":0.8797777777777778,"train_loss":0.3343927213230325,"_wandb":{"runtime":43},"val_accuracy":0.8485,"confusion_matrix_table":{"path":"media/table/confusion_matrix_table_11_1e4d6a7527f98f7772a9.table.json","ncols":3,"nrows":100,"_type":"table-file","sha256":"1e4d6a7527f98f7772a99d34f9ec1e1210e5a9d7588fb08e005bcadbca9b6262","size":2935,"artifact_path":"wandb-client-artifact://nov6xolgm4epuce0baqki5etm5faqdz97xsc6rcfpm1djhj8r5i6mhgavtoy76slgqse6fwjmhtbaoe4a1k1uvcw8m7fymeobwkms9t7pirqnt0jv4uogczexy1y1jfn/confusion_matrix_table.table.json","_latest_artifact_path":"wandb-client-artifact://4v8pb2j7faw380ym931gqmxw7amo98qgcoeb9l597rks0smwymqp4r3v5pbajljl3mdatx69m0lyr9w09t0lk5xbtkw6mcr4eh0fr1v38g6y21711hzcl6x4iqxliel7:latest/confusion_matrix_table.table.json"},"epoch":10}