{"train_loss":0.3920355660144809,"train_accuracy":0.8624814814814815,"_step":11,"epoch":10,"val_loss":0.43065685483829447,"val_accuracy":0.8465,"test_accuracy":0.8371,"_wandb":{"runtime":8},"_runtime":8.8967382,"_timestamp":1.7422322722524471e+09,"confusion_matrix_table":{"ncols":3,"nrows":100,"_type":"table-file","sha256":"24da9e2a419b35b36da993536a4fdc649cd68fddefee676fb90c4012f3617827","size":2939,"artifact_path":"wandb-client-artifact://zjtjuh3q0ftaqekrjwq9bnqzq57kd34f73z9mbf44amx4g75uqn1tl6wqzdm36z9pwbbjqmgqfd7lquykvwphqna9ofmxfjo496weqeby4czkdga1u139i5qm17f4sxq/confusion_matrix_table.table.json","_latest_artifact_path":"wandb-client-artifact://hy15zqz14edn1y0on4bq6htsfq34vzmv1w2gs864g9l4g2x7c6n38q75nvtsymgwj7pe4svzflgwjo6mpf6yec4p5p9wy1cb3ay9ou9x7e6ogy4wmktl05v1sl6tv8xv:latest/confusion_matrix_table.table.json","path":"media/table/confusion_matrix_table_11_24da9e2a419b35b36da9.table.json"}}