{"val_accuracy":0.8713333333333333,"_runtime":7.5311898,"train_accuracy":0.8860925925925925,"epoch":10,"test_accuracy":0.8599,"_wandb":{"runtime":7},"train_loss":0.31909287196743236,"val_loss":0.3528706633492158,"confusion_matrix_table":{"nrows":100,"_type":"table-file","sha256":"07c569d2942dfc4a2b45e94f0a5f885caed0ff1c6ae1bd2a6d16a8a35575d10d","size":2931,"artifact_path":"wandb-client-artifact://2vqdmx6wag26vydruwdwkcugnnuh13euwkbkzoh9fp5ieurv9gv1ngqdgvodqb85fgi6gytkzzvnjppl6uz9lb2syh3aecdyptr0vglgvfv842thysn6i9zwpnag8my6/confusion_matrix_table.table.json","_latest_artifact_path":"wandb-client-artifact://7pxw0l88rs58g59c33k1bv5idku8hx0ny9dfulfkph18qg61xgog7khg9z1razx0f8xfxexmtkqijg4k7n4r3pgjn3m2847td85ms633j6jt02j4pbuh0hlsdbk0a8v8:latest/confusion_matrix_table.table.json","path":"media/table/confusion_matrix_table_11_07c569d2942dfc4a2b45.table.json","ncols":3},"_timestamp":1.7422337938085368e+09,"_step":11}