{"epoch":10,"val_loss":0.2920282863252432,"_runtime":38.4211185,"train_accuracy":0.6123703703703703,"val_accuracy":0.5958333333333333,"test_accuracy":0.5991,"train_loss":0.28334800275108674,"_timestamp":1.7422824283447745e+09,"_step":10,"_wandb":{"runtime":38}}