{"_timestamp":1.742232334285433e+09,"test_accuracy":0.6279,"confusion_matrix_table":{"path":"media/table/confusion_matrix_table_11_da633b091dfc8a358b5b.table.json","ncols":3,"nrows":100,"_type":"table-file","sha256":"da633b091dfc8a358b5b3b2b5e15a7c354b8bb06081fa9a84a850b892555c7c4","size":2930,"artifact_path":"wandb-client-artifact://ubmz916d3ozk5oya26074jc7vbf3yhwixu5gjw4p3pr3r45u57ive9r3l7sgv8adijcbn78n07u9q2lqpkw4u0qmv90wylof75cdrhtmskctjrrielvwdiee1miuhh6a/confusion_matrix_table.table.json","_latest_artifact_path":"wandb-client-artifact://f4xgszjv56920vpjnl2k1qjzsrc76dfwa7d76nhldjhfd4eascg6ojt7wp8dd8pmc26fgjf4zsb3zzm87qipqy0zi1iopmq273a4yswrk5phuay8c3gg3zqjqj66qw6o:latest/confusion_matrix_table.table.json"},"train_loss":2.3137759341750903,"val_accuracy":0.6296666666666667,"_wandb":{"runtime":17},"train_accuracy":0.6341666666666667,"_step":11,"val_loss":2.3436798089481314,"_runtime":17.0691305,"epoch":10}