{"val_accuracy":0.8625,"val_loss":0.38226440947015083,"_step":11,"_timestamp":1.742231117517388e+09,"confusion_matrix_table":{"sha256":"63b8041d9c5a5c567d009807c43e6dfca08c1285d661c6262835e9beed96da29","size":2934,"artifact_path":"wandb-client-artifact://dri60ex01g733z4s2rh08ff7szoos510mvi2vfho9gv9d48srw8w5md5vrracxchyfodhx5c4zwkev8og9bdc6fr8ptjw0ygr4dhwgr78an1igdthxten0zlymno60y7/confusion_matrix_table.table.json","_latest_artifact_path":"wandb-client-artifact://32kkqmop9xnhaa7pkbbmddoa4r2ydm82t573hhjcrf7tuqwxcw9ba2y8zz21g4gnykzcha7iepa1v63fw4id288o5ftyvqkqobm75eajgfgpc27fa54uxi4rwwv6ihec:latest/confusion_matrix_table.table.json","path":"media/table/confusion_matrix_table_11_63b8041d9c5a5c567d00.table.json","ncols":3,"nrows":100,"_type":"table-file"},"train_accuracy":0.874462962962963,"epoch":10,"train_loss":0.350813550386489,"test_accuracy":0.8571,"_wandb":{"runtime":23},"_runtime":23.5244791}