{"val_loss":2.8655081035941317,"confusion_matrix_table":{"_type":"table-file","sha256":"0d80d8add19c757ec60b0a9b72b8a9d223f5f73dbd8016173138b16c827085de","size":2998,"artifact_path":"wandb-client-artifact://dh8xxnoinvjfe81t1xu0qphk6i37zmpmz153xtprj3f46oxc2frvjsaco2fpri6301ermrfsxjnpiok5j04by615n01alrswjihamkfdzxmisupp2h82d6wxgkhlgrty/confusion_matrix_table.table.json","_latest_artifact_path":"wandb-client-artifact://t5xb7s640p83kdj5j6vfjyh02lgb14pkkxsp4fo5dvmoyfrbsxupxr5kaggsvg2v22ntqo3lxp0dl9i4o124fms4xedz5noslsj4nylcd4ks8if599gmeulz4um67slm:latest/confusion_matrix_table.table.json","path":"media/table/confusion_matrix_table_11_0d80d8add19c757ec60b.table.json","ncols":3,"nrows":100},"_timestamp":1.7422313146477778e+09,"_runtime":7.1734219,"epoch":10,"_wandb":{"runtime":7},"test_accuracy":0.2988,"train_loss":2.890825602854086,"val_accuracy":0.30666666666666664,"_step":11,"train_accuracy":0.3019074074074074}