{"_step":11,"val_loss":1.5591776656394964,"confusion_matrix_table":{"_latest_artifact_path":"wandb-client-artifact://ikfuzqbes94ms3vhu5xlg3ujn77zn4wunymhpenvrz9sbjouz6sroavoo9ntjefqlcpprfmp7j8ch4zyym5f27o9yjzo2k1h92kgz40k995378xjvrsk3kzge8f5ffho:latest/confusion_matrix_table.table.json","path":"media/table/confusion_matrix_table_11_52641b439e375b8064e7.table.json","ncols":3,"nrows":100,"_type":"table-file","sha256":"52641b439e375b8064e7e492187bf2b06b9fb814f0238f3dd51db3d4dbe23ae3","size":2953,"artifact_path":"wandb-client-artifact://9ptr5tcn7le7ba997gcy1tsaihhxaqct57ty0pn9xh8frdinioo5mvb666b5rl9dsox7sknvnbge6sdcoi8ztriigb9f5dheb8zfzr6pa04a9e5z3q02ieo88rxdko5c/confusion_matrix_table.table.json"},"test_accuracy":0.6156,"_runtime":13.9485562,"_timestamp":1.7422339067963614e+09,"epoch":10,"val_accuracy":0.6215,"train_loss":1.5481159970828278,"_wandb":{"runtime":13},"train_accuracy":0.6278333333333334}