{"_timestamp":1.7422337202516136e+09,"test_accuracy":0.7702,"_step":11,"_runtime":9.8016968,"confusion_matrix_table":{"path":"media/table/confusion_matrix_table_11_ccffb13ad988bce5d7ad.table.json","ncols":3,"nrows":100,"_type":"table-file","sha256":"ccffb13ad988bce5d7ad03e035325097c91bba64e4b8360dc97cd3ffe8294962","size":2949,"artifact_path":"wandb-client-artifact://xt6h6vrbf3yx9kyu2otkybfu9fi63c7szu1u900c79xcnuh9czu0cp8cz5f1t8180jidl4hjnakputjis27t5s0uvvmg3nr3keg1g3e1ogsbun5y0lqhvgjfb27h8l7j/confusion_matrix_table.table.json","_latest_artifact_path":"wandb-client-artifact://cmult5f10aiuy57j5gxzjqyxj3ccm27nvg2hup1oi8pxyd3h7l9cr47tyfsc5w2ldfcpu2um3n6ae16jbu7yv4prpzen00wqltuaqfsx659pix5555ebb2zu3znbu0h6:latest/confusion_matrix_table.table.json"},"val_accuracy":0.7703333333333333,"epoch":10,"train_loss":0.6194358241261919,"_wandb":{"runtime":9},"val_loss":0.6344233396609305,"train_accuracy":0.7805185185185185}