{"val_accuracy":0.763,"_wandb":{"runtime":12},"_timestamp":1.7422328360528553e+09,"_runtime":12.5935293,"val_loss":0.710216828286325,"train_loss":0.6868498421660344,"confusion_matrix_table":{"size":2953,"artifact_path":"wandb-client-artifact://wypwnz4xyw1jtnr1pe5g7823k39h3u5ckl3dfc6l4rv08o04iclsdadc6vqqbsg3uwy13man2yhxh3a789fntsy6rp661m0m4zmy9s1s0rqnq1puuuyay9wr7c2h2uec/confusion_matrix_table.table.json","_latest_artifact_path":"wandb-client-artifact://k4il0aghgm2rxgkagr2pefqftf11hktumt8ra2587z0963rtpft5gy0hggw09e317a1cyky5ygo9itzmtjsgcyb6qf45m6ai246ni244xa7b38w4kbf9uziobeh15c8j:latest/confusion_matrix_table.table.json","path":"media/table/confusion_matrix_table_11_9420606ceefd3dbc4b5a.table.json","ncols":3,"nrows":100,"_type":"table-file","sha256":"9420606ceefd3dbc4b5a3be024916abd78608412d8fdbc55af137c56c2ba5c48"},"_step":11,"train_accuracy":0.7760185185185186,"test_accuracy":0.7587,"epoch":10}