{"train_loss":0.44159001521367036,"val_loss":0.45516692042991147,"val_accuracy":0.8366666666666667,"_runtime":22.9797814,"test_accuracy":0.831,"confusion_matrix_table":{"size":2937,"artifact_path":"wandb-client-artifact://vrtp7wdyvx01kq8w7xlejq1qf19ge3s4slx7q3fs0knbkwuskgc181b6o24yqc0h5t2d457y0m5sdmi08hfj00bn9aru600z5bnijm7mo33tiichfsnlgmq3gyk43lcl/confusion_matrix_table.table.json","_latest_artifact_path":"wandb-client-artifact://k1thm4kezvu438sv2gyryi10n04wiwdq1y01an4p80jfp0f6gggqe8g1joggmjbq2lcn25wfng4edsl99em7yqp014wocvv4iibugylt5cswgog45jbca81d0mmpnetp:latest/confusion_matrix_table.table.json","path":"media/table/confusion_matrix_table_11_6453753b7c374087156d.table.json","ncols":3,"nrows":100,"_type":"table-file","sha256":"6453753b7c374087156d3cd139c77d2e8070b38182cfcdfe484bc334885cf49f"},"train_accuracy":0.8467777777777777,"_timestamp":1.7422340592224936e+09,"epoch":10,"_step":11,"_wandb":{"runtime":23}}