{"_timestamp":1.7422835365130706e+09,"epoch":10,"val_loss":0.1172411960528577,"train_loss":0.10606285231390332,"_runtime":33.6716522,"val_accuracy":0.8326666666666667,"test_accuracy":0.8284,"_wandb":{"runtime":33},"train_accuracy":0.8517037037037037,"_step":10}