{"val_accuracy":0.45266666666666666,"val_loss":2.764659627896905,"_step":11,"_wandb":{"runtime":15},"test_accuracy":0.4427,"_timestamp":1.742233146226219e+09,"epoch":10,"train_accuracy":0.4588703703703704,"confusion_matrix_table":{"_type":"table-file","sha256":"2559068757c3384c90f8260fcf7201183b2b0895d8cc7d7c5ca6d59e5fe4531d","size":2998,"artifact_path":"wandb-client-artifact://agh89naj8oeegh6iups1cfc8vevyzp7zabk27k22trnx3i3gqv3acir431ulv1yl9y2zwapasgjqn0j5aka6469qo64fddvepxiateanuffkdj737jolujdw4tkdhoii/confusion_matrix_table.table.json","_latest_artifact_path":"wandb-client-artifact://lk2kw93wngro91t71343cne3xy32jldrdsqh3va9whb6jhtlh7zd3c9txky7qpqp5akv6vqhk6xx2s2zgt2i34iafihyfr66ujmhvq8u81tjvhl9pibfxm5aywj80pbs:latest/confusion_matrix_table.table.json","path":"media/table/confusion_matrix_table_11_2559068757c3384c90f8.table.json","ncols":3,"nrows":100},"train_loss":2.5727886674734908,"_runtime":15.8489331}