{"confusion_matrix_table":{"artifact_path":"wandb-client-artifact://24hyedio5trpnhp9dx1ffmobs9d90ew1yvbs3e6a9xaxjcy4vxd6sq9f9xf02s8nicdtzy7si2dfm3zklabnek9890bgkmwj5z43vt3o85prt1n9cnhrf557w0539bgl/confusion_matrix_table.table.json","_latest_artifact_path":"wandb-client-artifact://j2vkjsgffuosetm313fnfid7vryqukfhve5ov6rve4n29qcib8hnqzckk2nvpzw95chg9fdf6p22v6c5f1l18ljweyipz1jvoaj50fblafsgcens17416pferyu3poln:latest/confusion_matrix_table.table.json","path":"media/table/confusion_matrix_table_11_0a7d002c98807eb238b5.table.json","ncols":3,"nrows":100,"_type":"table-file","sha256":"0a7d002c98807eb238b56bb753c9cb5f5afd28659e7bcda29ebd85b660a0b960","size":2957},"val_loss":3.5806097775405483,"epoch":10,"_timestamp":1.7422333365760036e+09,"_runtime":9.5584606,"_step":11,"train_accuracy":0.7322777777777778,"test_accuracy":0.7258,"train_loss":3.4029521811515155,"_wandb":{"runtime":9},"val_accuracy":0.7231666666666666}