{"confusion_matrix_table":{"nrows":100,"_type":"table-file","sha256":"1a6ffbd978fbbceb6eb89943560d0e1005e3e99ba4813a6ee4f92011e9d0285f","size":2943,"artifact_path":"wandb-client-artifact://e5ro2rsz993wzvhtegs8dpkvuhtmp6xdj0ugrr2fhgnekr0wob2bl4zihmliv6ur0pu2t6k1431bmcqkph2iundm1d5ggk4espdkh4d450hj7rdaud9gq4g37ay3mdej/confusion_matrix_table.table.json","_latest_artifact_path":"wandb-client-artifact://ovykd7rp3n32jpybvua6ccqcn74obxj6v144e143mblw2runykix310p7syrrpkdipvjbc1qy3gzcx88ijd3byq1syqsn69v1fexaei7gf4jet28qei3bnx0aiy3hc3i:latest/confusion_matrix_table.table.json","path":"media/table/confusion_matrix_table_11_1a6ffbd978fbbceb6eb8.table.json","ncols":3},"_timestamp":1.742233830016382e+09,"val_loss":0.5895592668501168,"_step":11,"test_accuracy":0.7881,"epoch":10,"train_loss":0.5758721573184484,"val_accuracy":0.7871666666666667,"_runtime":6.515896,"train_accuracy":0.7963333333333333,"_wandb":{"runtime":6}}