{"val_loss":0.3574785331939127,"_timestamp":1.742282569128328e+09,"train_accuracy":0.5923888888888889,"val_accuracy":0.5863333333333334,"epoch":10,"_step":10,"_runtime":73.524052,"test_accuracy":0.5797,"train_loss":0.35301277579789286,"_wandb":{"runtime":73}}