{"_wandb":{"runtime":14},"_timestamp":1.7422339449382756e+09,"_step":11,"test_accuracy":0.7588,"epoch":10,"train_loss":0.7657489496879363,"val_accuracy":0.7683333333333333,"val_loss":0.8605106398316469,"train_accuracy":0.7836111111111111,"_runtime":14.5731705,"confusion_matrix_table":{"_type":"table-file","sha256":"1532fac4985137b1cf2c0e9a9d2702a10ad606bc27e199ce42d13faae551c9b7","size":2949,"artifact_path":"wandb-client-artifact://66mhme3j7ivm30nsn9jd3q7imi12i38engxpid0tvd8688yc4pttnyxnjv42e6xl7gvge8s9be116d0lpu1cpbuz5tv1hyhq2v8gjowiens331y1cyzw9bgqjbqgw6og/confusion_matrix_table.table.json","_latest_artifact_path":"wandb-client-artifact://m1k3604k83ei2kaf6lo9l1wd6vokb3xj5bnrvjrbys8pkoibfpjwk69yk7ez18l4g5k17ff7j6dkboo9j9rbrfadfgerm2ppvuhlfuuouxn80k3eeb34yx6b7zh7o7b9:latest/confusion_matrix_table.table.json","path":"media/table/confusion_matrix_table_11_1532fac4985137b1cf2c.table.json","ncols":3,"nrows":100}}