{"_runtime":7.8836037,"val_accuracy":0.6878333333333333,"train_loss":0.9894681278457971,"train_accuracy":0.697037037037037,"confusion_matrix_table":{"_type":"table-file","sha256":"3f7347fe1bdc144c566d311e4c822bba8f4917ac5c36de870c3468fac2f20e67","size":2946,"artifact_path":"wandb-client-artifact://zwys69x65vjpr1mawtvkibs7dq565dyxk37z9ykusbab9kh99jnrjkhzs1ovvouaogohjwygdel26153n3ps46lyagoyvuremk23b8291s9e4ej5i515vxzhy64qdamk/confusion_matrix_table.table.json","_latest_artifact_path":"wandb-client-artifact://sld6zbzfdo0s0loxbr6f1fkb725odi4cglifiab17y53effecyabzxdhcj73nzr2kbn4392ubfgklt3cbn72umuo41yvv1lcj1trhzo69c18k7srj9mtzqqo2byb37ya:latest/confusion_matrix_table.table.json","path":"media/table/confusion_matrix_table_11_3f7347fe1bdc144c566d.table.json","ncols":3,"nrows":100},"_step":11,"_timestamp":1.742232815583834e+09,"_wandb":{"runtime":7},"val_loss":0.9999030477282964,"epoch":10,"test_accuracy":0.6859}