{"_timestamp":1.7422340150057585e+09,"_runtime":31.0162525,"_wandb":{"runtime":31},"val_loss":0.827765739669432,"confusion_matrix_table":{"artifact_path":"wandb-client-artifact://uel44sd1u5wi06izo34guxovea8whte1zyalff4efc5sg0zz9r9xcu5eu5jpx5wih41co4rlqwfyn9lbws3g6ol4dfzgj8wxg94kpr6l3667s68dsg6t1t9e7j3qvxwa/confusion_matrix_table.table.json","_latest_artifact_path":"wandb-client-artifact://j5zqjoewu54adtbts1pypdf8gkwzoqhdb7n1lb4ea28w6kf7avq3lx4925fi459tbrwfu3cnoh63rw1xw85zppxn7lmdmwtvd5ip2vegxrc32hmly1ckjaf6k4enwmtr:latest/confusion_matrix_table.table.json","path":"media/table/confusion_matrix_table_11_a18eb455a2a14ce8d12f.table.json","ncols":3,"nrows":100,"_type":"table-file","sha256":"a18eb455a2a14ce8d12fc0e92483f8d2a43988bcd8122d2e1b47034c392c0a00","size":2953},"val_accuracy":0.7323333333333333,"epoch":10,"_step":11,"train_loss":0.7148250619247625,"train_accuracy":0.7575,"test_accuracy":0.7201}