{"val_loss":0.09132611284073335,"_timestamp":1.7422835837881184e+09,"train_loss":0.08304943407935211,"val_accuracy":0.8715,"train_accuracy":0.8841851851851852,"test_accuracy":0.8657,"_runtime":21.8481543,"_step":10,"epoch":10,"_wandb":{"runtime":21}}