{"test_accuracy":0.8604,"_timestamp":1.74223241977652e+09,"train_loss":0.33436520602816666,"train_accuracy":0.8793148148148148,"_runtime":38.6296915,"epoch":10,"val_loss":0.35712175948745456,"confusion_matrix_table":{"ncols":3,"nrows":100,"_type":"table-file","sha256":"9ac50b0199847a0f0106eead10a76909b69dd5995ea48191b59ac45ac7bb89ba","size":2931,"artifact_path":"wandb-client-artifact://0g9wml9zw8b0gitb6uggfs80kd7rrb2tu907xvbo9nsx0pc90itz5aju4xfkk3acwhi6vwa3fd4ify40kl256qcnznnyj0ofgg1xq0joew8h1lgopeskqzi4l5s9vcxo/confusion_matrix_table.table.json","_latest_artifact_path":"wandb-client-artifact://61uby2ghgqtsci59ppov8do9fvvohm6xf1em2lkliuqsb1lzjqn502puf94mtheu7858bqhewq5997kgjf4qx8hez6sk3wwotwyrlapwd50uwqfn7c8uc0wcpidkkzjk:latest/confusion_matrix_table.table.json","path":"media/table/confusion_matrix_table_11_9ac50b0199847a0f0106.table.json"},"_wandb":{"runtime":38},"_step":11,"val_accuracy":0.874}