{"val_accuracy":0.85,"_runtime":8.8761782,"val_loss":0.40673995044608563,"epoch":10,"confusion_matrix_table":{"artifact_path":"wandb-client-artifact://xxvvhmgnv7tzvimxw9qb6ykspdm9io3m4ytb90k52p3m14gzy6mpmnrobln3sq5znikc70zzs89hefab5afui12vl7nfkvkjf68mu9zoixdp7on852str0hbvtyidi3w/confusion_matrix_table.table.json","_latest_artifact_path":"wandb-client-artifact://gax326b0nhufzekjddz9kivqebqafpngrb4pfugs6sq8hwyqxwavwerc5mskox3wv4hds281iujssmrfw187t4kzq2fx44rb9cyiq9htxjxdxz9aa2k1ish9hv0ho9q3:latest/confusion_matrix_table.table.json","path":"media/table/confusion_matrix_table_11_29c2c419ac8e27054006.table.json","ncols":3,"nrows":100,"_type":"table-file","sha256":"29c2c419ac8e27054006e7a09fd475a16994768490fba794d4462fd8837caa55","size":2928},"_wandb":{"runtime":8},"test_accuracy":0.8399,"train_loss":0.3646820631992667,"_timestamp":1.7422318320876167e+09,"train_accuracy":0.8654074074074074,"_step":11}