{"confusion_matrix_table":{"path":"media/table/confusion_matrix_table_11_9c916061fe4f3a21e14c.table.json","ncols":3,"nrows":100,"_type":"table-file","sha256":"9c916061fe4f3a21e14c8e249bf0db4e8415f272ef6661771b979a19d4406dc8","size":2951,"artifact_path":"wandb-client-artifact://xyftsxlpqn1ssv03h799kkvxvqa7cugc0ewi6h91zcr53batp83osw2a4yxuhcpwlai37646s7u3thnens73h1270dohmgabn24vntks7k15ge093yotz1aicu6ci9am/confusion_matrix_table.table.json","_latest_artifact_path":"wandb-client-artifact://yzwnchd8ie0o7rxv2cweyd5wt98e3r9enq6wfartt0uz4d6u3h1y43b5uoao8f9arl1spatizrqbccsnfil6z2vf2m7kjqk2mndez8tydgsvoml2uzndblf3h7c1vv0l:latest/confusion_matrix_table.table.json"},"train_loss":0.6795507567275068,"_runtime":6.5265364,"_step":11,"_timestamp":1.7422331837075994e+09,"test_accuracy":0.7555,"train_accuracy":0.7622037037037037,"epoch":10,"_wandb":{"runtime":6},"val_loss":0.6988551665290637,"val_accuracy":0.7518333333333334}