{"_wandb":{"runtime":32},"_timestamp":1.7422833968908358e+09,"_step":10,"val_accuracy":0.413,"epoch":10,"train_loss":0.3305742196112565,"test_accuracy":0.4105,"val_loss":0.3322320027768175,"_runtime":31.994686,"train_accuracy":0.4140740740740741}