{"test_accuracy":0.4671,"train_accuracy":0.47664814814814815,"_wandb":{"runtime":28},"_timestamp":1.7422330789098465e+09,"_step":11,"val_loss":1.319098817257802,"epoch":10,"train_loss":1.3171251407498388,"_runtime":28.3919576,"confusion_matrix_table":{"artifact_path":"wandb-client-artifact://eli5acbapn6aqx19b30b4mknioou92jj9ynysdysmc8n1z614wyrhmmqcmujellbhv7r6a3msuttq4ps5cnpp6dkdg2uw2rj57q2e1ptcbc1cuvcvbwytrd1ab5uoyad/confusion_matrix_table.table.json","_latest_artifact_path":"wandb-client-artifact://qbzdduu85jq6o4h3c6rzylsjyj1ghzo862h20eitsj60cpu5g28vz8kh0us31lipbctcqhmlyjwmt0e8youir22vorbj28tfi2yl7fkwerzl1fqflie52865mbjjio9f:latest/confusion_matrix_table.table.json","path":"media/table/confusion_matrix_table_11_8d05facaf8d29392bae4.table.json","ncols":3,"nrows":100,"_type":"table-file","sha256":"8d05facaf8d29392bae435e6df39cd685e7c74444e054accba8f338e4e79a947","size":2942},"val_accuracy":0.47933333333333333}