{"train_loss":2.062534929573079,"_wandb":{"runtime":12},"_runtime":12.7723163,"_step":11,"train_accuracy":0.3151851851851852,"val_loss":2.068142233898362,"confusion_matrix_table":{"size":2991,"artifact_path":"wandb-client-artifact://qjcw54khkurehk5bvpbl1jhs0k5sxywv7hf5t1nje2qctpts173tbcimhjlop7i5udwqmib0sq64xchwen6of7vo25yewgczxkx7acevgfcf59lhbos4e1chioyraghd/confusion_matrix_table.table.json","_latest_artifact_path":"wandb-client-artifact://5ec13qgq15mvu1pfocga0c3ve02spp6qu8g98qnhi5z8s3vc5whm9ygpkdr0p5su2h1vb0rtkxzrw41zjjx4ilqinr4qvg27ch07nlbce5x3ltv9z5lkxxaya6lf66wq:latest/confusion_matrix_table.table.json","path":"media/table/confusion_matrix_table_11_b577419e196f3e98cdab.table.json","ncols":3,"nrows":100,"_type":"table-file","sha256":"b577419e196f3e98cdab8410e38f842907ef5d8dd4f46b59856f8616d8561c8d"},"_timestamp":1.742231047274965e+09,"epoch":10,"val_accuracy":0.30616666666666664,"test_accuracy":0.3116}