{"val_loss":1.169379853310385,"test_accuracy":0.4725,"_wandb":{"runtime":18},"confusion_matrix_table":{"artifact_path":"wandb-client-artifact://aipy8lwjwdy0ec6ck8pbmhpxl8awok1utyvhsp3ad7btfw9vne24zt4r48xo6ho817jcf0z98kx3cubok12cbl1e3fulim7t9exjrhbgyjs6v7nkcadtg9k5qljt83gs/confusion_matrix_table.table.json","_latest_artifact_path":"wandb-client-artifact://dd9x5nx18a15ol40v4mhuzcjk84xaakpn8ktnsmv90zzo4uirnnl3l5spl5hgcanc7fi6syubk3u4etospitiy0s8m85xirc9yjyn3nsood86pkksqfclev6hiirwc3t:latest/confusion_matrix_table.table.json","path":"media/table/confusion_matrix_table_11_90c6662480b738185505.table.json","ncols":3,"nrows":100,"_type":"table-file","sha256":"90c6662480b73818550579ab4e7fb01396ed4179c5985625f671cbc8eadbc5b7","size":2921},"train_loss":1.1582543203637796,"train_accuracy":0.4744074074074074,"_runtime":18.8300601,"epoch":10,"_step":11,"val_accuracy":0.4613333333333333,"_timestamp":1.7422330427005744e+09}